Index,url,Absolute reduction,Max. continuous torque (Nm),Max. efficiency (%),Width (mm),Weight (g),Outer diameter (mm)
0,https://www.maxongroup.com/maxon/view/product/gear/wormgear/GB12/GB12-1stufig-BRONZE/735901,30/1,30.0,65.0,110.0,1500,12.0
1,https://www.maxongroup.com/maxon/view/product/gear/planetary/gp16/110321,57/13,0.1,90.0,15.5,20,16.0
2,https://www.maxongroup.com/maxon/view/product/gear/planetary/gp16/110322,3249/169,0.15,81.0,19.1,23,16.0
3,https://www.maxongroup.com/maxon/view/product/gear/planetary/gp16/110323,185193/2197,0.2,73.0,22.7,27,16.0
4,https://www.maxongroup.com/maxon/view/product/gear/planetary/gp16/110324,10556001/28561,0.25,65.0,26.3,31,16.0
5,https://www.maxongroup.com/maxon/view/product/gear/planetary/gp16/110325,601692057/371293,0.3,59.0,29.9,35,16.0
6,https://www.maxongroup.com/maxon/view/product/gear/planetary/gp22/110339,185193/2197,0.8,59.0,36.2,68,22.0
7,https://www.maxongroup.com/maxon/view/product/gear/planetary/gp22/110340,10556001/28561,1.0,49.0,43.0,81,22.0
8,https://www.maxongroup.com/maxon/view/product/gear/planetary/gp22/134158,225/16,0.5,70.0,29.4,55,22.0
9,https://www.maxongroup.com/maxon/view/product/gear/planetary/gp22/134170,41553/325,0.8,59.0,36.2,68,22.0
10,https://www.maxongroup.com/maxon/view/product/gear/planetary/gp22/143974,225/16,0.6,70.0,32.2,55,22.0
11,https://www.maxongroup.com/maxon/view/product/gear/planetary/gp22/143984,185193/2197,1.2,59.0,39.0,68,22.0
12,https://www.maxongroup.com/maxon/view/product/gear/planetary/gp22/143988,41553/325,1.2,59.0,39.0,68,22.0
13,https://www.maxongroup.com/maxon/view/product/gear/planetary/gp22/143996,10556001/28561,1.8,49.0,45.8,81,22.0
14,https://www.maxongroup.com/maxon/view/product/gear/planetary/gp32/166159,624/35,2.25,75.0,36.4,162,32.0
15,https://www.maxongroup.com/maxon/view/product/gear/planetary/gp32/166165,16224/245,4.5,70.0,43.1,194,32.0
16,https://www.maxongroup.com/maxon/view/product/gear/planetary/gp32/166169,13824/125,4.5,70.0,43.1,194,32.0
17,https://www.maxongroup.com/maxon/view/product/gear/planetary/gp32/166174,421824/1715,4.5,60.0,49.8,226,32.0
18,https://www.maxongroup.com/maxon/view/product/gear/planetary/gp32/166931,24/5,1.0,80.0,26.5,118,32.0
19,https://www.maxongroup.com/maxon/view/product/gear/planetary/gp32/166934,624/35,3.0,75.0,36.4,162,32.0
20,https://www.maxongroup.com/maxon/view/product/gear/planetary/gp32/166940,16224/245,6.0,70.0,43.1,194,32.0
21,https://www.maxongroup.com/maxon/view/product/gear/planetary/gp32/166944,13824/125,6.0,70.0,43.1,194,32.0
22,https://www.maxongroup.com/maxon/view/product/gear/planetary/gp32/166951,389376/1225,6.0,60.0,49.8,226,32.0
23,https://www.maxongroup.com/maxon/view/product/gear/planetary/gp42/203114,13/3,3.0,90.0,41.0,260,42.0
24,https://www.maxongroup.com/maxon/view/product/gear/planetary/gp42/203116,91/6,7.5,81.0,55.5,360,42.0
25,https://www.maxongroup.com/maxon/view/product/gear/planetary/gp42/203119,26/1,7.5,81.0,55.5,360,42.0
26,https://www.maxongroup.com/maxon/view/product/gear/planetary/gp42/203120,343/8,15.0,72.0,70.0,460,42.0
27,https://www.maxongroup.com/maxon/view/product/gear/planetary/gp42/203129,156/1,15.0,72.0,70.0,460,42.0
28,https://www.maxongroup.com/maxon/view/product/gear/planetary/gp52/223081,13/3,4.0,91.0,49.0,460,52.0
29,https://www.maxongroup.com/maxon/view/product/gear/planetary/gp52/223085,169/9,15.0,83.0,65.0,620,52.0
30,https://www.maxongroup.com/maxon/view/product/gear/planetary/gp52/223089,343/8,30.0,75.0,78.5,770,52.0
31,https://www.maxongroup.com/maxon/view/product/gear/planetary/gp52/223093,2197/27,30.0,75.0,78.5,770,52.0
32,https://www.maxongroup.com/maxon/view/product/gear/planetary/gp32/320247,676/49,4.0,75.0,48.1,178,32.0
33,https://www.maxongroup.com/maxon/view/product/gear/planetary/gp32/326666,3887/49,8.0,70.0,54.8,213,32.0
34,https://www.maxongroup.com/maxon/view/product/gear/planetary/gp32/326672,12167/64,8.0,60.0,61.5,249,32.0
35,https://www.maxongroup.com/maxon/view/product/gear/planetary/gp16/328699,10556001/28561,0.5,65.0,30.4,33,16.0
36,https://www.maxongroup.com/maxon/view/product/gear/planetary/gp22/370689,3249/169,2.4,70.0,32.3,64,22.0
37,https://www.maxongroup.com/maxon/view/product/gear/planetary/gp22/370776,3375/64,3.0,59.0,38.95,78,22.0
38,https://www.maxongroup.com/maxon/view/product/gear/planetary/gp22/370785,41553/325,3.0,59.0,39.0,78,22.0
39,https://www.maxongroup.com/maxon/view/product/gear/planetary/gp16/407883,3249/169,0.3,81.0,23.2,25,16.0
40,https://www.maxongroup.com/maxon/view/product/gear/planetary/gp22/409667,50625/256,3.4,65.0,45.0,96,22.0
41,https://www.maxongroup.com/maxon/view/product/gear/planetary/gp22/410558,3375/64,3.0,78.0,38.2,82,22.0
42,https://www.maxongroup.com/maxon/view/product/gear/planetary/gp22/410637,225/16,2.4,87.0,29.7,65,22.0
43,https://www.maxongroup.com/maxon/view/product/gear/planetary/gp22/410657,15/4,2.0,95.0,20.6,46,22.0
44,https://www.maxongroup.com/maxon/view/product/gear/planetary/gp22/416211,759375/1024,4.0,52.0,51.8,110,22.0
45,https://www.maxongroup.com/maxon/view/product/gear/planetary/gp16/416328,57/13,0.2,90.0,18.1,22,16.0
46,https://www.maxongroup.com/maxon/view/product/gear/planetary/gp16/416391,185193/2197,0.4,73.0,26.8,29,16.0
47,https://www.maxongroup.com/maxon/view/product/gear/planetary/gp42/454280,2401/16,50.0,65.0,116.9,845,42.0
48,https://www.maxongroup.com/maxon/view/product/gear/planetary/gp42/454742,7/2,10.0,95.0,57.7,415,42.0
49,https://www.maxongroup.com/maxon/view/product/gear/planetary/gp42/454744,49/4,20.0,87.0,79.9,570,42.0
50,https://www.maxongroup.com/maxon/view/product/gear/planetary/gp42/454745,343/8,40.0,78.0,102.2,750,42.0
51,https://www.maxongroup.com/maxon/view/product/gear/planetary/gp32/526077,26/7,3.0,95.0,32.9,176,32.0
52,https://www.maxongroup.com/maxon/view/product/gear/planetary/gp32/526080,676/49,4.0,87.0,45.3,234,32.0
53,https://www.maxongroup.com/maxon/view/product/gear/planetary/gp32/526086,17576/343,8.0,78.0,55.1,277,32.0
54,https://www.maxongroup.com/maxon/view/product/gear/planetary/gp32/526095,456976/2401,8.0,65.0,61.6,309,32.0
55,https://www.maxongroup.com/maxon/view/product/gear/planetary/gp32/526106,11881376/16807,8.0,53.0,68.1,340,32.0
56,https://www.maxongroup.com/maxon/view/product/gear/planetary/gp42/838244,91/6,5.6,81.0,55.5,360,42.0
57,https://www.maxongroup.com/maxon/view/product/gear/planetary/gp42/838249,156/1,11.3,72.0,70.0,460,42.0
58,https://www.maxongroup.com/maxon/view/product/gear/planetary/gp42/838250,26/1,5.6,81.0,55.5,360,42.0
59,https://www.maxongroup.com/maxon/view/product/gear/planetary/gp42/838252,13/3,2.25,90.0,41.0,260,42.0
60,https://www.maxongroup.com/maxon/view/product/gear/planetary/gp42/838271,343/8,11.3,72.0,70.0,460,42.0
61,https://www.maxongroup.com/maxon/view/product/gear/planetary/GPX/GPX4/GPX4-4-Stufig-C/GPX04CASLH10280CPLW,4100625/14641,0.015,65.0,12.65,1,4.0
62,https://www.maxongroup.com/maxon/view/product/gear/planetary/GPX/GPX4/GPX4-2-Stufig-C/GPX04CASLH117D0CPLW,2025/121,0.002,76.0,9.25,1,4.0
63,https://www.maxongroup.com/maxon/view/product/gear/planetary/GPX/GPX4/GPX4-3-Stufig-C/GPX04CASLH168D0CPLW,91125/1331,0.006,70.0,10.95,1,4.0
64,https://www.maxongroup.com/maxon/view/product/gear/planetary/GPX/GPX6/GPX6-4-Stufig-A/GPX06AAKLSL0221CPLW,531441/2401,0.03,60.0,13.0,3,6.0
65,https://www.maxongroup.com/maxon/view/product/gear/planetary/GPX/GPX6/GPX6-1-Stufig-A/GPX06AAKLSL03D9CPLW,27/7,0.002,88.0,5.3,2,6.0
66,https://www.maxongroup.com/maxon/view/product/gear/planetary/GPX/GPX6/GPX6-5-Stufig-A/GPX06AAKLSL0854CPLW,14348907/16807,0.03,52.0,15.6,3,6.0
67,https://www.maxongroup.com/maxon/view/product/gear/planetary/GPX/GPX6/GPX6-2-Stufig-A/GPX06AAKLSL15D0CPLW,729/49,0.005,77.0,7.8,2,6.0
68,https://www.maxongroup.com/maxon/view/product/gear/planetary/GPX/GPX6/GPX6-3-Stufig-A/GPX06AAKLSL57D0CPLW,19683/343,0.01,68.0,10.4,2,6.0
69,https://www.maxongroup.com/maxon/view/product/gear/planetary/GPX/GPX8/GPX08AAKLSL0216CPLW,216/1,0.02,66.0,11.1,4,8.0
70,https://www.maxongroup.com/maxon/view/product/gear/planetary/GPX/GPX8/GPX08AAKLSL0256CPLW,256/1,0.08,65.0,13.3,4,8.0
71,https://www.maxongroup.com/maxon/view/product/gear/planetary/GPX/GPX8/GPX08AAKLSL04D0CPLW,4/1,0.01,90.0,5.5,3,8.0
72,https://www.maxongroup.com/maxon/view/product/gear/planetary/GPX/GPX8/GPX08AAKLSL1024CPLW,1024/1,0.1,59.0,15.9,5,8.0
73,https://www.maxongroup.com/maxon/view/product/gear/planetary/GPX/GPX8/GPX08AAKLSL1296CPLW,1296/1,0.04,57.0,13.9,4,8.0
74,https://www.maxongroup.com/maxon/view/product/gear/planetary/GPX/GPX8/GPX08AAKLSL16D0CPLW,16/1,0.02,81.0,8.1,3,8.0
75,https://www.maxongroup.com/maxon/view/product/gear/planetary/GPX/GPX8/GPX08AAKLSL36D0CPLW,36/1,0.008,76.0,8.3,3,8.0
76,https://www.maxongroup.com/maxon/view/product/gear/planetary/GPX/GPX8/GPX08AAKLSL64D0CPLW,64/1,0.06,73.0,10.7,4,8.0
77,https://www.maxongroup.com/maxon/view/product/gear/planetary/GPX/GPX10/GPX10A1ST0004,4/1,0.01,90.0,9.9,7,10.0
78,https://www.maxongroup.com/maxon/view/product/gear/planetary/GPX/GPX10/GPX10A2ST0016,16/1,0.03,81.0,13.4,7,10.0
79,https://www.maxongroup.com/maxon/view/product/gear/planetary/GPX/GPX10/GPX10A3ST0064,64/1,0.1,73.0,16.6,8,10.0
80,https://www.maxongroup.com/maxon/view/product/gear/planetary/GPX/GPX10/GPX10A4ST0256,256/1,0.15,65.0,19.8,8,10.0
81,https://www.maxongroup.com/maxon/view/product/gear/planetary/GPX/GPX10/GPX10A5ST1024,1024/1,0.15,59.0,23.0,9,10.0
82,https://www.maxongroup.com/maxon/view/product/gear/planetary/GPX/GPX12/GPX12-3-Stufig-A/GPX12AAKLSL0150CPLW,328509/2197,0.14,75.0,25.2,17,12.0
83,https://www.maxongroup.com/maxon/view/product/gear/planetary/GPX/GPX12/GPX12-3-Stufig-A/GPX12AAKLSL0231CPLW,300564/1300,0.14,75.0,25.2,17,12.0
84,https://www.maxongroup.com/maxon/view/product/gear/planetary/GPX/GPX12/GPX12-4-Stufig-A/GPX12AAKLSL0243CPLW,31640625/130321,0.17,65.0,30.1,19,12.0
85,https://www.maxongroup.com/maxon/view/product/gear/planetary/GPX/GPX12/GPX12-1-Stufig-A/GPX12AAKLSL03D9CPLW,75/19,0.08,90.0,15.5,11,12.0
86,https://www.maxongroup.com/maxon/view/product/gear/planetary/GPX/GPX12/GPX12-1-Stufig-A/GPX12AAKLSL05D3CPLW,69/13,0.08,90.0,15.5,11,12.0
87,https://www.maxongroup.com/maxon/view/product/gear/planetary/GPX/GPX12/GPX12-4-Stufig-A/GPX12AAKLSL0734CPLW,23566950/32110,0.17,65.0,30.1,19,12.0
88,https://www.maxongroup.com/maxon/view/product/gear/planetary/GPX/GPX12/GPX12-4-Stufig-A/GPX12AAKLSL1526CPLW,19837224/13000,0.17,65.0,30.1,19,12.0
89,https://www.maxongroup.com/maxon/view/product/gear/planetary/GPX/GPX12/GPX12-2-Stufig-A/GPX12AAKLSL16D0CPLW,5625/361,0.11,80.0,20.4,14,12.0
90,https://www.maxongroup.com/maxon/view/product/gear/planetary/GPX/GPX12/GPX12-2-Stufig-A/GPX12AAKLSL26D0CPLW,4950/190,0.11,80.0,20.4,14,12.0
91,https://www.maxongroup.com/maxon/view/product/gear/planetary/GPX/GPX12/GPX12-2-Stufig-A/GPX12AAKLSL35D0CPLW,4554/130,0.11,80.0,20.4,14,12.0
92,https://www.maxongroup.com/maxon/view/product/gear/planetary/GPX/GPX12/GPX12-3-Stufig-A/GPX12AAKLSL62D0CPLW,421875/6859,0.14,75.0,25.2,17,12.0
93,https://www.maxongroup.com/maxon/view/product/gear/planetary/GPX/GPX12/GPX12-3-Stufig-C/GPX12CAKLSL0150CPLW,328509/2197,0.19,75.0,25.2,17,12.0
94,https://www.maxongroup.com/maxon/view/product/gear/planetary/GPX/GPX12/GPX12-3-Stufig-C/GPX12CAKLSL0231CPLW,300564/1300,0.19,75.0,25.2,17,12.0
95,https://www.maxongroup.com/maxon/view/product/gear/planetary/GPX/GPX12/GPX12-4-Stufig-C/GPX12CAKLSL0243CPLW,31640625/130321,0.23,65.0,30.1,19,12.0
96,https://www.maxongroup.com/maxon/view/product/gear/planetary/GPX/GPX12/GPX12-1-Stufig-C/GPX12CAKLSL03D9CPLW,75/19,0.11,90.0,15.5,11,12.0
97,https://www.maxongroup.com/maxon/view/product/gear/planetary/GPX/GPX12/GPX12-1-Stufig-C/GPX12CAKLSL05D3CPLW,69/13,0.11,90.0,15.5,11,12.0
98,https://www.maxongroup.com/maxon/view/product/gear/planetary/GPX/GPX12/GPX12-4-Stufig-C/GPX12CAKLSL0734CPLW,23566950/32110,0.23,65.0,30.1,19,12.0
99,https://www.maxongroup.com/maxon/view/product/gear/planetary/GPX/GPX12/GPX12-4-Stufig-C/GPX12CAKLSL1526CPLW,19837224/13000,0.23,65.0,30.1,19,12.0
100,https://www.maxongroup.com/maxon/view/product/gear/planetary/GPX/GPX12/GPX12-2-Stufig-C/GPX12CAKLSL16D0CPLW,5625/361,0.15,80.0,20.4,14,12.0
101,https://www.maxongroup.com/maxon/view/product/gear/planetary/GPX/GPX12/GPX12-2-Stufig-C/GPX12CAKLSL26D0CPLW,4950/190,0.15,80.0,20.4,14,12.0
102,https://www.maxongroup.com/maxon/view/product/gear/planetary/GPX/GPX12/GPX12-2-Stufig-C/GPX12CAKLSL35D0CPLW,4554/130,0.15,80.0,20.4,14,12.0
103,https://www.maxongroup.com/maxon/view/product/gear/planetary/GPX/GPX12/GPX12-3-Stufig-C/GPX12CAKLSL62D0CPLW,421875/6859,0.19,75.0,25.2,17,12.0
104,https://www.maxongroup.com/maxon/view/product/gear/planetary/GPX/GPX12/GPX12-3-Stufig-HP/GPX12HPKLSL0150CPLW,328509/2197,0.3,65.0,28.1,19,12.0
105,https://www.maxongroup.com/maxon/view/product/gear/planetary/GPX/GPX12/GPX12-3-Stufig-HP/GPX12HPKLSL0231CPLW,300564/1300,0.3,65.0,28.1,19,12.0
106,https://www.maxongroup.com/maxon/view/product/gear/planetary/GPX/GPX12/GPX12-4-Stufig-HP/GPX12HPKLSL0243CPLW,31640625/130321,0.35,55.0,33.0,21,12.0
107,https://www.maxongroup.com/maxon/view/product/gear/planetary/GPX/GPX12/GPX12-4-Stufig-HP/GPX12HPKLSL0734CPLW,23566950/32110,0.35,55.0,33.0,21,12.0
108,https://www.maxongroup.com/maxon/view/product/gear/planetary/GPX/GPX12/GPX12-4-Stufig-HP/GPX12HPKLSL1526CPLW,19837224/13000,0.35,55.0,33.0,21,12.0
109,https://www.maxongroup.com/maxon/view/product/gear/planetary/GPX/GPX12/GPX12-2-Stufig-HP/GPX12HPKLSL16D0CPLW,5625/361,0.25,75.0,23.4,16,12.0
110,https://www.maxongroup.com/maxon/view/product/gear/planetary/GPX/GPX12/GPX12-2-Stufig-HP/GPX12HPKLSL26D0CPLW,4950/190,0.25,75.0,23.4,16,12.0
111,https://www.maxongroup.com/maxon/view/product/gear/planetary/GPX/GPX12/GPX12-2-Stufig-HP/GPX12HPKLSL35D0CPLW,4554/130,0.25,75.0,23.4,16,12.0
112,https://www.maxongroup.com/maxon/view/product/gear/planetary/GPX/GPX12/GPX12-3-Stufig-HP/GPX12HPKLSL62D0CPLW,421875/6859,0.3,65.0,28.1,19,12.0
113,https://www.maxongroup.com/maxon/view/product/gear/planetary/GPX/GPX12/GPX12-3-Stufig-LN/GPX12LNKLSL0150CPLW,328509/2197,0.11,75.0,25.2,17,12.0
114,https://www.maxongroup.com/maxon/view/product/gear/planetary/GPX/GPX12/GPX12-3-Stufig-LN/GPX12LNKLSL0231CPLW,300564/1300,0.11,75.0,25.2,17,12.0
115,https://www.maxongroup.com/maxon/view/product/gear/planetary/GPX/GPX12/GPX12-4-Stufig-LN/GPX12LNKLSL0243CPLW,31640625/130321,0.14,65.0,30.1,19,12.0
116,https://www.maxongroup.com/maxon/view/product/gear/planetary/GPX/GPX12/GPX12-1-Stufig-LN/GPX12LNKLSL03D9CPLW,75/19,0.06,90.0,15.5,11,12.0
117,https://www.maxongroup.com/maxon/view/product/gear/planetary/GPX/GPX12/GPX12-1-Stufig-LN/GPX12LNKLSL05D3CPLW,69/13,0.06,90.0,15.5,11,12.0
118,https://www.maxongroup.com/maxon/view/product/gear/planetary/GPX/GPX12/GPX12-4-Stufig-LN/GPX12LNKLSL0734CPLW,23566950/32110,0.14,65.0,30.1,19,12.0
119,https://www.maxongroup.com/maxon/view/product/gear/planetary/GPX/GPX12/GPX12-4-Stufig-LN/GPX12LNKLSL1526CPLW,19837224/13000,0.14,65.0,30.1,19,12.0
120,https://www.maxongroup.com/maxon/view/product/gear/planetary/GPX/GPX12/GPX12-2-Stufig-LN/GPX12LNKLSL16D0CPLW,5625/361,0.09,80.0,20.4,14,12.0
121,https://www.maxongroup.com/maxon/view/product/gear/planetary/GPX/GPX12/GPX12-2-Stufig-LN/GPX12LNKLSL26D0CPLW,4950/190,0.09,80.0,20.4,14,12.0
122,https://www.maxongroup.com/maxon/view/product/gear/planetary/GPX/GPX12/GPX12-2-Stufig-LN/GPX12LNKLSL35D0CPLW,4554/130,0.09,80.0,20.4,14,12.0
123,https://www.maxongroup.com/maxon/view/product/gear/planetary/GPX/GPX12/GPX12-3-Stufig-LN/GPX12LNKLSL62D0CPLW,421875/6859,0.11,75.0,25.2,17,12.0
124,https://www.maxongroup.com/maxon/view/product/gear/planetary/GPX/GPX12/GPX12-3-Stufig-LZ/GPX12LZKLSL0150CPLW,328509/2197,0.14,75.0,25.2,17,12.0
125,https://www.maxongroup.com/maxon/view/product/gear/planetary/GPX/GPX12/GPX12-3-Stufig-LZ/GPX12LZKLSL0231CPLW,300564/1300,0.14,75.0,25.2,17,12.0
126,https://www.maxongroup.com/maxon/view/product/gear/planetary/GPX/GPX12/GPX12-4-Stufig-LZ/GPX12LZKLSL0243CPLW,31640625/130321,0.17,65.0,30.1,19,12.0
127,https://www.maxongroup.com/maxon/view/product/gear/planetary/GPX/GPX12/GPX12-4-Stufig-LZ/GPX12LZKLSL0734CPLW,23566950/32110,0.17,65.0,30.1,19,12.0
128,https://www.maxongroup.com/maxon/view/product/gear/planetary/GPX/GPX12/GPX12-4-Stufig-LZ/GPX12LZKLSL1526CPLW,19837224/13000,0.17,65.0,30.1,19,12.0
129,https://www.maxongroup.com/maxon/view/product/gear/planetary/GPX/GPX12/GPX12-2-Stufig-LZ/GPX12LZKLSL16D0CPLW,5625/361,0.11,80.0,20.4,14,12.0
130,https://www.maxongroup.com/maxon/view/product/gear/planetary/GPX/GPX12/GPX12-2-Stufig-LZ/GPX12LZKLSL26D0CPLW,4950/190,0.11,80.0,20.4,14,12.0
131,https://www.maxongroup.com/maxon/view/product/gear/planetary/GPX/GPX12/GPX12-2-Stufig-LZ/GPX12LZKLSL35D0CPLW,4554/130,0.11,80.0,20.4,14,12.0
132,https://www.maxongroup.com/maxon/view/product/gear/planetary/GPX/GPX12/GPX12-3-Stufig-LZ/GPX12LZKLSL62D0CPLW,421875/6859,0.14,75.0,25.2,17,12.0
133,https://www.maxongroup.com/maxon/view/product/gear/planetary/GPX/GPX13/GPX13-3-Stufig-M1/GPX13M1KLSL0125CPSC,125/1,0.15,70.0,42.4,30,13.0
134,https://www.maxongroup.com/maxon/view/product/gear/planetary/GPX/GPX13/GPX13-1-Stufig-M1/GPX13M1KLSL05D0CPSC,5/1,0.025,85.0,30.8,21,13.0
135,https://www.maxongroup.com/maxon/view/product/gear/planetary/GPX/GPX13/GPX13-2-Stufig-M1/GPX13M1KLSL25D0CPSC,25/1,0.06,80.0,36.6,26,13.0
136,https://www.maxongroup.com/maxon/view/product/gear/planetary/GPX/GPX14/GPX14-3-Stufig-A/GPX14AAKLSL0150CPLW,328509/2197,0.25,75.0,25.5,21,14.0
137,https://www.maxongroup.com/maxon/view/product/gear/planetary/GPX/GPX14/GPX14-3-Stufig-A/GPX14AAKLSL0231CPLW,300564/1300,0.25,75.0,25.5,21,14.0
138,https://www.maxongroup.com/maxon/view/product/gear/planetary/GPX/GPX14/GPX14-4-Stufig-A/GPX14AAKLSL0243CPLW,31640625/130321,0.3,65.0,30.3,23,14.0
139,https://www.maxongroup.com/maxon/view/product/gear/planetary/GPX/GPX14/GPX14-1-Stufig-A/GPX14AAKLSL03D9CPLW,75/19,0.16,90.0,15.7,14,14.0
140,https://www.maxongroup.com/maxon/view/product/gear/planetary/GPX/GPX14/GPX14-1-Stufig-A/GPX14AAKLSL06D6CPLW,66/10,0.16,90.0,15.7,14,14.0
141,https://www.maxongroup.com/maxon/view/product/gear/planetary/GPX/GPX14/GPX14-4-Stufig-A/GPX14AAKLSL0734CPLW,23566950/32110,0.3,65.0,30.3,23,14.0
142,https://www.maxongroup.com/maxon/view/product/gear/planetary/GPX/GPX14/GPX14-4-Stufig-A/GPX14AAKLSL1526CPLW,19837224/13000,0.3,65.0,30.3,23,14.0
143,https://www.maxongroup.com/maxon/view/product/gear/planetary/GPX/GPX14/GPX14-2-Stufig-A/GPX14AAKLSL16D0CPLW,5625/361,0.2,80.0,20.8,19,14.0
144,https://www.maxongroup.com/maxon/view/product/gear/planetary/GPX/GPX14/GPX14-2-Stufig-A/GPX14AAKLSL26D0CPLW,4950/190,0.2,80.0,20.8,19,14.0
145,https://www.maxongroup.com/maxon/view/product/gear/planetary/GPX/GPX14/GPX14-2-Stufig-A/GPX14AAKLSL35D0CPLW,4554/130,0.2,80.0,20.8,19,14.0
146,https://www.maxongroup.com/maxon/view/product/gear/planetary/GPX/GPX14/GPX14-3-Stufig-A/GPX14AAKLSL62D0CPLW,421875/6859,0.25,75.0,25.5,21,14.0
147,https://www.maxongroup.com/maxon/view/product/gear/planetary/GPX/GPX14/GPX14-3-Stufig-C/GPX14CAKLSL0150CPLW,328509/2197,0.33,75.0,25.5,21,14.0
148,https://www.maxongroup.com/maxon/view/product/gear/planetary/GPX/GPX14/GPX14-3-Stufig-C/GPX14CAKLSL0231CPLW,300564/1300,0.33,75.0,25.5,21,14.0
149,https://www.maxongroup.com/maxon/view/product/gear/planetary/GPX/GPX14/GPX14-4-Stufig-C/GPX14CAKLSL0243CPLW,31640625/130321,0.4,65.0,30.3,23,14.0
150,https://www.maxongroup.com/maxon/view/product/gear/planetary/GPX/GPX14/GPX14-1-Stufig-C/GPX14CAKLSL03D9CPLW,75/19,0.21,90.0,15.7,14,14.0
151,https://www.maxongroup.com/maxon/view/product/gear/planetary/GPX/GPX14/GPX14-1-Stufig-C/GPX14CAKLSL06D6CPLW,66/10,0.21,90.0,15.7,14,14.0
152,https://www.maxongroup.com/maxon/view/product/gear/planetary/GPX/GPX14/GPX14-4-Stufig-C/GPX14CAKLSL0734CPLW,23566950/32110,0.4,65.0,30.3,23,14.0
153,https://www.maxongroup.com/maxon/view/product/gear/planetary/GPX/GPX14/GPX14-4-Stufig-C/GPX14CAKLSL1526CPLW,19837224/13000,0.4,65.0,30.3,23,14.0
154,https://www.maxongroup.com/maxon/view/product/gear/planetary/GPX/GPX14/GPX14-2-Stufig-C/GPX14CAKLSL16D0CPLW,5625/361,0.27,80.0,20.8,19,14.0
155,https://www.maxongroup.com/maxon/view/product/gear/planetary/GPX/GPX14/GPX14-2-Stufig-C/GPX14CAKLSL26D0CPLW,4950/190,0.27,80.0,20.8,19,14.0
156,https://www.maxongroup.com/maxon/view/product/gear/planetary/GPX/GPX14/GPX14-2-Stufig-C/GPX14CAKLSL35D0CPLW,4554/130,0.27,80.0,20.8,19,14.0
157,https://www.maxongroup.com/maxon/view/product/gear/planetary/GPX/GPX14/GPX14-3-Stufig-C/GPX14CAKLSL62D0CPLW,421875/6859,0.33,75.0,25.5,21,14.0
158,https://www.maxongroup.com/maxon/view/product/gear/planetary/GPX/GPX14/GPX14-3-Stufig-HP/GPX14HPKLSL0150CPLW,328509/2197,0.4,65.0,29.0,25,14.0
159,https://www.maxongroup.com/maxon/view/product/gear/planetary/GPX/GPX14/GPX14-3-Stufig-HP/GPX14HPKLSL0231CPLW,300564/1300,0.4,65.0,29.0,25,14.0
160,https://www.maxongroup.com/maxon/view/product/gear/planetary/GPX/GPX14/GPX14-4-Stufig-HP/GPX14HPKLSL0243CPLW,31640625/130321,0.5,55.0,33.7,27,14.0
161,https://www.maxongroup.com/maxon/view/product/gear/planetary/GPX/GPX14/GPX14-4-Stufig-HP/GPX14HPKLSL0734CPLW,23566950/32110,0.5,55.0,33.7,27,14.0
162,https://www.maxongroup.com/maxon/view/product/gear/planetary/GPX/GPX14/GPX14-4-Stufig-HP/GPX14HPKLSL1526CPLW,19837224/13000,0.5,55.0,33.7,27,14.0
163,https://www.maxongroup.com/maxon/view/product/gear/planetary/GPX/GPX14/GPX14-2-Stufig-HP/GPX14HPKLSL16D0CPLW,5625/361,0.3,75.0,23.9,21,14.0
164,https://www.maxongroup.com/maxon/view/product/gear/planetary/GPX/GPX14/GPX14-2-Stufig-HP/GPX14HPKLSL26D0CPLW,4950/190,0.3,75.0,23.9,21,14.0
165,https://www.maxongroup.com/maxon/view/product/gear/planetary/GPX/GPX14/GPX14-2-Stufig-HP/GPX14HPKLSL35D0CPLW,4554/130,0.3,75.0,23.9,21,14.0
166,https://www.maxongroup.com/maxon/view/product/gear/planetary/GPX/GPX14/GPX14-3-Stufig-HP/GPX14HPKLSL62D0CPLW,421875/6859,0.4,65.0,29.0,25,14.0
167,https://www.maxongroup.com/maxon/view/product/gear/planetary/GPX/GPX14/GPX14-3-Stufig-LN/GPX14LNKLSL0150CPLW,328509/2197,0.2,75.0,25.5,21,14.0
168,https://www.maxongroup.com/maxon/view/product/gear/planetary/GPX/GPX14/GPX14-3-Stufig-LN/GPX14LNKLSL0231CPLW,300564/1300,0.2,75.0,25.5,21,14.0
169,https://www.maxongroup.com/maxon/view/product/gear/planetary/GPX/GPX14/GPX14-4-Stufig-LN/GPX14LNKLSL0243CPLW,31640625/130321,0.24,65.0,30.3,23,14.0
170,https://www.maxongroup.com/maxon/view/product/gear/planetary/GPX/GPX14/GPX14-1-Stufig-LN/GPX14LNKLSL03D9CPLW,75/19,0.13,90.0,15.7,14,14.0
171,https://www.maxongroup.com/maxon/view/product/gear/planetary/GPX/GPX14/GPX14-1-Stufig-LN/GPX14LNKLSL06D6CPLW,66/10,0.13,90.0,15.7,14,14.0
172,https://www.maxongroup.com/maxon/view/product/gear/planetary/GPX/GPX14/GPX14-4-Stufig-LN/GPX14LNKLSL0734CPLW,23566950/32110,0.24,65.0,30.3,23,14.0
173,https://www.maxongroup.com/maxon/view/product/gear/planetary/GPX/GPX14/GPX14-4-Stufig-LN/GPX14LNKLSL1526CPLW,19837224/13000,0.24,65.0,30.3,23,14.0
174,https://www.maxongroup.com/maxon/view/product/gear/planetary/GPX/GPX14/GPX14-2-Stufig-LN/GPX14LNKLSL16D0CPLW,5625/361,0.16,80.0,20.8,19,14.0
175,https://www.maxongroup.com/maxon/view/product/gear/planetary/GPX/GPX14/GPX14-2-Stufig-LN/GPX14LNKLSL26D0CPLW,4950/190,0.16,80.0,20.8,19,14.0
176,https://www.maxongroup.com/maxon/view/product/gear/planetary/GPX/GPX14/GPX14-2-Stufig-LN/GPX14LNKLSL35D0CPLW,4554/130,0.16,80.0,20.8,19,14.0
177,https://www.maxongroup.com/maxon/view/product/gear/planetary/GPX/GPX14/GPX14-3-Stufig-LN/GPX14LNKLSL62D0CPLW,421875/6859,0.2,75.0,25.5,21,14.0
178,https://www.maxongroup.com/maxon/view/product/gear/planetary/GPX/GPX14/GPX14-3-Stufig-LZ/GPX14LZKLSL0150CPLW,328509/2197,0.25,75.0,25.5,21,14.0
179,https://www.maxongroup.com/maxon/view/product/gear/planetary/GPX/GPX14/GPX14-3-Stufig-LZ/GPX14LZKLSL0231CPLW,300564/1300,0.25,75.0,25.5,21,14.0
180,https://www.maxongroup.com/maxon/view/product/gear/planetary/GPX/GPX14/GPX14-4-Stufig-LZ/GPX14LZKLSL0243CPLW,31640625/130321,0.3,65.0,30.3,23,14.0
181,https://www.maxongroup.com/maxon/view/product/gear/planetary/GPX/GPX14/GPX14-4-Stufig-LZ/GPX14LZKLSL0734CPLW,23566950/32110,0.3,65.0,30.3,23,14.0
182,https://www.maxongroup.com/maxon/view/product/gear/planetary/GPX/GPX14/GPX14-4-Stufig-LZ/GPX14LZKLSL1526CPLW,19837224/13000,0.3,65.0,30.3,23,14.0
183,https://www.maxongroup.com/maxon/view/product/gear/planetary/GPX/GPX14/GPX14-2-Stufig-LZ/GPX14LZKLSL16D0CPLW,5625/361,0.2,80.0,20.8,19,14.0
184,https://www.maxongroup.com/maxon/view/product/gear/planetary/GPX/GPX14/GPX14-2-Stufig-LZ/GPX14LZKLSL26D0CPLW,4950/190,0.2,80.0,20.8,19,14.0
185,https://www.maxongroup.com/maxon/view/product/gear/planetary/GPX/GPX14/GPX14-2-Stufig-LZ/GPX14LZKLSL35D0CPLW,4554/130,0.2,80.0,20.8,19,14.0
186,https://www.maxongroup.com/maxon/view/product/gear/planetary/GPX/GPX14/GPX14-3-Stufig-LZ/GPX14LZKLSL62D0CPLW,421875/6859,0.25,75.0,25.5,21,14.0
187,https://www.maxongroup.com/maxon/view/product/gear/planetary/GPX/GPX16/GPX16-3-Stufig-A/GPX16AAKLSL0150CPLW,328509/2197,0.35,75.0,25.7,27,16.0
188,https://www.maxongroup.com/maxon/view/product/gear/planetary/GPX/GPX16/GPX16-3-Stufig-A/GPX16AAKLSL0231CPLW,300564/1300,0.35,75.0,25.7,27,16.0
189,https://www.maxongroup.com/maxon/view/product/gear/planetary/GPX/GPX16/GPX16-4-Stufig-A/GPX16AAKLSL0243CPLW,31640625/130321,0.45,65.0,30.5,31,16.0
190,https://www.maxongroup.com/maxon/view/product/gear/planetary/GPX/GPX16/GPX16-1-Stufig-A/GPX16AAKLSL03D9CPLW,75/19,0.2,90.0,15.8,20,16.0
191,https://www.maxongroup.com/maxon/view/product/gear/planetary/GPX/GPX16/GPX16-1-Stufig-A/GPX16AAKLSL06D6CPLW,66/10,0.2,90.0,15.8,20,16.0
192,https://www.maxongroup.com/maxon/view/product/gear/planetary/GPX/GPX16/GPX16-4-Stufig-A/GPX16AAKLSL0734CPLW,23566950/32110,0.45,65.0,30.5,31,16.0
193,https://www.maxongroup.com/maxon/view/product/gear/planetary/GPX/GPX16/GPX16-4-Stufig-A/GPX16AAKLSL1526CPLW,19837224/13000,0.45,65.0,30.5,31,16.0
194,https://www.maxongroup.com/maxon/view/product/gear/planetary/GPX/GPX16/GPX16-2-Stufig-A/GPX16AAKLSL16D0CPLW,5625/361,0.25,80.0,20.8,25,16.0
195,https://www.maxongroup.com/maxon/view/product/gear/planetary/GPX/GPX16/GPX16-2-Stufig-A/GPX16AAKLSL26D0CPLW,4950/190,0.25,80.0,20.8,25,16.0
196,https://www.maxongroup.com/maxon/view/product/gear/planetary/GPX/GPX16/GPX16-2-Stufig-A/GPX16AAKLSL44D0CPLW,4356/100,0.25,80.0,20.8,25,16.0
197,https://www.maxongroup.com/maxon/view/product/gear/planetary/GPX/GPX16/GPX16-3-Stufig-A/GPX16AAKLSL62D0CPLW,421875/6859,0.35,75.0,25.7,27,16.0
198,https://www.maxongroup.com/maxon/view/product/gear/planetary/GPX/GPX16/GPX16-3-Stufig-C/GPX16CAKLSL0150CPLW,328509/2197,0.47,75.0,25.7,27,16.0
199,https://www.maxongroup.com/maxon/view/product/gear/planetary/GPX/GPX16/GPX16-3-Stufig-C/GPX16CAKLSL0231CPLW,300564/1300,0.47,75.0,25.7,27,16.0
200,https://www.maxongroup.com/maxon/view/product/gear/planetary/GPX/GPX16/GPX16-4-Stufig-C/GPX16CAKLSL0243CPLW,31640625/130321,0.6,65.0,30.5,31,16.0
201,https://www.maxongroup.com/maxon/view/product/gear/planetary/GPX/GPX16/GPX16-1-Stufig-C/GPX16CAKLSL03D9CPLW,75/19,0.27,90.0,15.8,20,16.0
202,https://www.maxongroup.com/maxon/view/product/gear/planetary/GPX/GPX16/GPX16-1-Stufig-C/GPX16CAKLSL06D6CPLW,66/10,0.27,90.0,15.8,20,16.0
203,https://www.maxongroup.com/maxon/view/product/gear/planetary/GPX/GPX16/GPX16-4-Stufig-C/GPX16CAKLSL0734CPLW,23566950/32110,0.6,65.0,30.5,31,16.0
204,https://www.maxongroup.com/maxon/view/product/gear/planetary/GPX/GPX16/GPX16-4-Stufig-C/GPX16CAKLSL1526CPLW,19837224/13000,0.6,65.0,30.5,31,16.0
205,https://www.maxongroup.com/maxon/view/product/gear/planetary/GPX/GPX16/GPX16-2-Stufig-C/GPX16CAKLSL16D0CPLW,5625/361,0.33,80.0,20.8,25,16.0
206,https://www.maxongroup.com/maxon/view/product/gear/planetary/GPX/GPX16/GPX16-2-Stufig-C/GPX16CAKLSL26D0CPLW,4950/190,0.33,80.0,20.8,25,16.0
207,https://www.maxongroup.com/maxon/view/product/gear/planetary/GPX/GPX16/GPX16-2-Stufig-C/GPX16CAKLSL44D0CPLW,4356/100,0.33,80.0,20.8,25,16.0
208,https://www.maxongroup.com/maxon/view/product/gear/planetary/GPX/GPX16/GPX16-3-Stufig-C/GPX16CAKLSL62D0CPLW,421875/6859,0.47,75.0,25.7,27,16.0
209,https://www.maxongroup.com/maxon/view/product/gear/planetary/GPX/GPX16/GPX16-3-Stufig-HP/GPX16HPKLSL0150CPLW,328509/2197,0.8,65.0,30.9,37,16.0
210,https://www.maxongroup.com/maxon/view/product/gear/planetary/GPX/GPX16/GPX16-3-Stufig-HP/GPX16HPKLSL0231CPLW,300564/1300,0.8,65.0,30.9,37,16.0
211,https://www.maxongroup.com/maxon/view/product/gear/planetary/GPX/GPX16/GPX16-4-Stufig-HP/GPX16HPKLSL0243CPLW,31640625/130321,0.9,55.0,35.7,39,16.0
212,https://www.maxongroup.com/maxon/view/product/gear/planetary/GPX/GPX16/GPX16-4-Stufig-HP/GPX16HPKLSL0734CPLW,23566950/32110,0.9,55.0,35.7,39,16.0
213,https://www.maxongroup.com/maxon/view/product/gear/planetary/GPX/GPX16/GPX16-4-Stufig-HP/GPX16HPKLSL1526CPLW,19837224/13000,0.9,55.0,35.7,39,16.0
214,https://www.maxongroup.com/maxon/view/product/gear/planetary/GPX/GPX16/GPX16-2-Stufig-HP/GPX16HPKLSL16D0CPLW,5625/361,0.55,75.0,25.9,32,16.0
215,https://www.maxongroup.com/maxon/view/product/gear/planetary/GPX/GPX16/GPX16-2-Stufig-HP/GPX16HPKLSL26D0CPLW,4950/190,0.55,75.0,25.9,32,16.0
216,https://www.maxongroup.com/maxon/view/product/gear/planetary/GPX/GPX16/GPX16-2-Stufig-HP/GPX16HPKLSL44D0CPLW,4356/100,0.55,75.0,25.9,32,16.0
217,https://www.maxongroup.com/maxon/view/product/gear/planetary/GPX/GPX16/GPX16-3-Stufig-HP/GPX16HPKLSL62D0CPLW,421875/6859,0.8,65.0,30.9,37,16.0
218,https://www.maxongroup.com/maxon/view/product/gear/planetary/GPX/GPX16/GPX16-1-Stufig-HS/GPX16HSKLSL03D9CPSC,75/19,0.045,85.0,27.7,27,16.0
219,https://www.maxongroup.com/maxon/view/product/gear/planetary/GPX/GPX16/GPX16-1-Stufig-HS/GPX16HSKLSL06D6CPSC,66/10,0.045,85.0,27.7,27,16.0
220,https://www.maxongroup.com/maxon/view/product/gear/planetary/GPX/GPX16/GPX16-2-Stufig-HS/GPX16HSKLSL16D0CPSC,5625/361,0.11,80.0,35.1,35,16.0
221,https://www.maxongroup.com/maxon/view/product/gear/planetary/GPX/GPX16/GPX16-2-Stufig-HS/GPX16HSKLSL26D0CPSC,4950/190,0.11,80.0,35.1,35,16.0
222,https://www.maxongroup.com/maxon/view/product/gear/planetary/GPX/GPX16/GPX16-2-Stufig-HS/GPX16HSKLSL44D0CPSC,4356/100,0.11,80.0,35.1,35,16.0
223,https://www.maxongroup.com/maxon/view/product/gear/planetary/GPX/GPX16/GPX16-3-Stufig-LN/GPX16LNKLSL0150CPLW,328509/2197,0.28,75.0,25.7,27,16.0
224,https://www.maxongroup.com/maxon/view/product/gear/planetary/GPX/GPX16/GPX16-3-Stufig-LN/GPX16LNKLSL0231CPLW,300564/1300,0.28,75.0,25.7,27,16.0
225,https://www.maxongroup.com/maxon/view/product/gear/planetary/GPX/GPX16/GPX16-4-Stufig-LN/GPX16LNKLSL0243CPLW,31640625/130321,0.36,65.0,30.5,31,16.0
226,https://www.maxongroup.com/maxon/view/product/gear/planetary/GPX/GPX16/GPX16-1-Stufig-LN/GPX16LNKLSL03D9CPLW,75/19,0.16,90.0,15.8,20,16.0
227,https://www.maxongroup.com/maxon/view/product/gear/planetary/GPX/GPX16/GPX16-1-Stufig-LN/GPX16LNKLSL06D6CPLW,66/10,0.16,90.0,15.8,20,16.0
228,https://www.maxongroup.com/maxon/view/product/gear/planetary/GPX/GPX16/GPX16-4-Stufig-LN/GPX16LNKLSL0734CPLW,23566950/32110,0.36,65.0,30.5,31,16.0
229,https://www.maxongroup.com/maxon/view/product/gear/planetary/GPX/GPX16/GPX16-4-Stufig-LN/GPX16LNKLSL1526CPLW,19837224/13000,0.36,65.0,30.5,31,16.0
230,https://www.maxongroup.com/maxon/view/product/gear/planetary/GPX/GPX16/GPX16-2-Stufig-LN/GPX16LNKLSL16D0CPLW,5625/361,0.2,80.0,20.8,25,16.0
231,https://www.maxongroup.com/maxon/view/product/gear/planetary/GPX/GPX16/GPX16-2-Stufig-LN/GPX16LNKLSL26D0CPLW,4950/190,0.2,80.0,20.8,25,16.0
232,https://www.maxongroup.com/maxon/view/product/gear/planetary/GPX/GPX16/GPX16-2-Stufig-LN/GPX16LNKLSL44D0CPLW,4356/100,0.2,80.0,20.8,25,16.0
233,https://www.maxongroup.com/maxon/view/product/gear/planetary/GPX/GPX16/GPX16-3-Stufig-LN/GPX16LNKLSL62D0CPLW,421875/6859,0.28,75.0,25.7,27,16.0
234,https://www.maxongroup.com/maxon/view/product/gear/planetary/GPX/GPX16/GPX16-3-Stufig-LZ/GPX16LZKLSL0150CPLW,328509/2197,0.35,75.0,25.7,27,16.0
235,https://www.maxongroup.com/maxon/view/product/gear/planetary/GPX/GPX16/GPX16-3-Stufig-LZ/GPX16LZKLSL0231CPLW,300564/1300,0.35,75.0,25.7,27,16.0
236,https://www.maxongroup.com/maxon/view/product/gear/planetary/GPX/GPX16/GPX16-4-Stufig-LZ/GPX16LZKLSL0243CPLW,31640625/130321,0.45,65.0,30.5,31,16.0
237,https://www.maxongroup.com/maxon/view/product/gear/planetary/GPX/GPX16/GPX16-4-Stufig-LZ/GPX16LZKLSL0734CPLW,23566950/32110,0.45,65.0,30.5,31,16.0
238,https://www.maxongroup.com/maxon/view/product/gear/planetary/GPX/GPX16/GPX16-4-Stufig-LZ/GPX16LZKLSL1526CPLW,19837224/13000,0.45,65.0,30.5,31,16.0
239,https://www.maxongroup.com/maxon/view/product/gear/planetary/GPX/GPX16/GPX16-2-Stufig-LZ/GPX16LZKLSL16D0CPLW,5625/361,0.25,80.0,20.8,25,16.0
240,https://www.maxongroup.com/maxon/view/product/gear/planetary/GPX/GPX16/GPX16-2-Stufig-LZ/GPX16LZKLSL26D0CPLW,4950/190,0.25,80.0,20.8,25,16.0
241,https://www.maxongroup.com/maxon/view/product/gear/planetary/GPX/GPX16/GPX16-2-Stufig-LZ/GPX16LZKLSL35D0CPLW,4554/130,0.25,80.0,20.8,25,16.0
242,https://www.maxongroup.com/maxon/view/product/gear/planetary/GPX/GPX16/GPX16-2-Stufig-LZ/GPX16LZKLSL44D0CPLW,4356/100,0.25,80.0,20.8,25,16.0
243,https://www.maxongroup.com/maxon/view/product/gear/planetary/GPX/GPX16/GPX16-3-Stufig-LZ/GPX16LZKLSL62D0CPLW,421875/6859,0.35,75.0,25.7,27,16.0
244,https://www.maxongroup.com/maxon/view/product/gear/planetary/GPX/GPX16/GPX16-1-Stufig-M1/GPX16M1KLSL03D9CPSC,75/19,0.045,85.0,35.3,37,16.0
245,https://www.maxongroup.com/maxon/view/product/gear/planetary/GPX/GPX16/GPX16-1-Stufig-M1/GPX16M1KLSL06D6CPSC,66/10,0.045,85.0,35.3,37,16.0
246,https://www.maxongroup.com/maxon/view/product/gear/planetary/GPX/GPX16/GPX16-2-Stufig-M1/GPX16M1KLSL16D0CPSC,5625/361,0.11,80.0,42.7,45,16.0
247,https://www.maxongroup.com/maxon/view/product/gear/planetary/GPX/GPX16/GPX16-2-Stufig-M1/GPX16M1KLSL26D0CPSC,4950/190,0.11,80.0,42.7,45,16.0
248,https://www.maxongroup.com/maxon/view/product/gear/planetary/GPX/GPX16/GPX16-2-Stufig-M1/GPX16M1KLSL44D0CPSC,4356/100,0.11,80.0,42.7,45,16.0
249,https://www.maxongroup.com/maxon/view/product/gear/planetary/GPX/GPX16/GPX16-3-Stufig-HP-STES/GPX16M2KLSL0150CPLW,328509/2197,0.8,65.0,39.7,47,16.0
250,https://www.maxongroup.com/maxon/view/product/gear/planetary/GPX/GPX16/GPX16-3-Stufig-HP-STES/GPX16M2KLSL0231CPLW,300564/1300,0.8,65.0,39.7,47,16.0
251,https://www.maxongroup.com/maxon/view/product/gear/planetary/GPX/GPX16/GPX16-1-Stufig-HP-STES/GPX16M2KLSL03D9CPLW,75/19,0.4,85.0,27.8,36,16.0
252,https://www.maxongroup.com/maxon/view/product/gear/planetary/GPX/GPX16/GPX16-1-Stufig-HP-STES/GPX16M2KLSL06D6CPLW,66/10,0.4,85.0,27.8,36,16.0
253,https://www.maxongroup.com/maxon/view/product/gear/planetary/GPX/GPX16/GPX16-2-Stufig-HP-STES/GPX16M2KLSL16D0CPLW,5625/361,0.55,75.0,34.7,42,16.0
254,https://www.maxongroup.com/maxon/view/product/gear/planetary/GPX/GPX16/GPX16-2-Stufig-HP-STES/GPX16M2KLSL26D0CPLW,4950/190,0.55,75.0,34.7,42,16.0
255,https://www.maxongroup.com/maxon/view/product/gear/planetary/GPX/GPX16/GPX16-2-Stufig-HP-STES/GPX16M2KLSL44D0CPLW,4356/100,0.55,75.0,34.7,42,16.0
256,https://www.maxongroup.com/maxon/view/product/gear/planetary/GPX/GPX16/GPX16-3-Stufig-HP-STES/GPX16M2KLSL62D0CPLW,421875/6859,0.8,65.0,39.7,47,16.0
257,https://www.maxongroup.com/maxon/view/product/gear/planetary/GPX/GPX19/GPX19-3-Stufig-A/GPX19AAKLSL0150CPLW,328509/2197,0.65,75.0,27.0,43,19.0
258,https://www.maxongroup.com/maxon/view/product/gear/planetary/GPX/GPX19/GPX19-3-Stufig-A/GPX19AAKLSL0231CPLW,300564/1300,0.65,75.0,27.0,43,19.0
259,https://www.maxongroup.com/maxon/view/product/gear/planetary/GPX/GPX19/GPX19-4-Stufig-A/GPX19AAKLSL0243CPLW,31640625/130321,0.8,65.0,36.2,55,19.0
260,https://www.maxongroup.com/maxon/view/product/gear/planetary/GPX/GPX19/GPX19-1-Stufig-A/GPX19AAKLSL03D9CPLW,75/19,0.35,90.0,16.9,30,19.0
261,https://www.maxongroup.com/maxon/view/product/gear/planetary/GPX/GPX19/GPX19-1-Stufig-A/GPX19AAKLSL06D6CPLW,66/10,0.35,90.0,16.9,30,19.0
262,https://www.maxongroup.com/maxon/view/product/gear/planetary/GPX/GPX19/GPX19-4-Stufig-A/GPX19AAKLSL0734CPLW,23566950/32110,0.8,65.0,36.2,55,19.0
263,https://www.maxongroup.com/maxon/view/product/gear/planetary/GPX/GPX19/GPX19-4-Stufig-A/GPX19AAKLSL1526CPLW,19837224/13000,0.8,65.0,36.2,55,19.0
264,https://www.maxongroup.com/maxon/view/product/gear/planetary/GPX/GPX19/GPX19-2-Stufig-A/GPX19AAKLSL16D0CPLW,5625/361,0.45,80.0,22.9,40,19.0
265,https://www.maxongroup.com/maxon/view/product/gear/planetary/GPX/GPX19/GPX19-2-Stufig-A/GPX19AAKLSL26D0CPLW,4950/190,0.45,80.0,22.9,40,19.0
266,https://www.maxongroup.com/maxon/view/product/gear/planetary/GPX/GPX19/GPX19-2-Stufig-A/GPX19AAKLSL35D0CPLW,4554/130,0.45,80.0,22.9,40,19.0
267,https://www.maxongroup.com/maxon/view/product/gear/planetary/GPX/GPX19/GPX19-3-Stufig-A/GPX19AAKLSL62D0CPLW,421875/6859,0.65,75.0,27.0,43,19.0
268,https://www.maxongroup.com/maxon/view/product/gear/planetary/GPX/GPX19/GPX19-3-Stufig-C/GPX19CAKLSL0150CPLW,328509/2197,0.86,75.0,27.0,43,19.0
269,https://www.maxongroup.com/maxon/view/product/gear/planetary/GPX/GPX19/GPX19-3-Stufig-C/GPX19CAKLSL0231CPLW,300564/1300,0.86,75.0,27.0,43,19.0
270,https://www.maxongroup.com/maxon/view/product/gear/planetary/GPX/GPX19/GPX19-4-Stufig-C/GPX19CAKLSL0243CPLW,31640625/130321,1.05,65.0,36.2,55,19.0
271,https://www.maxongroup.com/maxon/view/product/gear/planetary/GPX/GPX19/GPX19-1-Stufig-C/GPX19CAKLSL03D9CPLW,75/19,0.47,90.0,16.9,30,19.0
272,https://www.maxongroup.com/maxon/view/product/gear/planetary/GPX/GPX19/GPX19-1-Stufig-C/GPX19CAKLSL06D6CPLW,66/10,0.47,90.0,16.9,30,19.0
273,https://www.maxongroup.com/maxon/view/product/gear/planetary/GPX/GPX19/GPX19-4-Stufig-C/GPX19CAKLSL0734CPLW,23566950/32110,1.05,65.0,36.2,55,19.0
274,https://www.maxongroup.com/maxon/view/product/gear/planetary/GPX/GPX19/GPX19-4-Stufig-C/GPX19CAKLSL1526CPLW,19837224/13000,1.05,65.0,36.2,55,19.0
275,https://www.maxongroup.com/maxon/view/product/gear/planetary/GPX/GPX19/GPX19-2-Stufig-C/GPX19CAKLSL16D0CPLW,5625/361,0.6,80.0,22.9,40,19.0
276,https://www.maxongroup.com/maxon/view/product/gear/planetary/GPX/GPX19/GPX19-2-Stufig-C/GPX19CAKLSL26D0CPLW,4950/190,0.6,80.0,22.9,40,19.0
277,https://www.maxongroup.com/maxon/view/product/gear/planetary/GPX/GPX19/GPX19-2-Stufig-C/GPX19CAKLSL35D0CPLW,4554/130,0.6,80.0,22.9,40,19.0
278,https://www.maxongroup.com/maxon/view/product/gear/planetary/GPX/GPX19/GPX19-3-Stufig-C/GPX19CAKLSL62D0CPLW,421875/6859,0.86,75.0,27.0,43,19.0
279,https://www.maxongroup.com/maxon/view/product/gear/planetary/GPX/GPX19/GPX19-3-Stufig-HP/GPX19HPKLSL0150CPLW,328509/2197,1.6,65.0,37.0,61,19.0
280,https://www.maxongroup.com/maxon/view/product/gear/planetary/GPX/GPX19/GPX19-3-Stufig-HP/GPX19HPKLSL0231CPLW,300564/1300,1.6,65.0,37.0,61,19.0
281,https://www.maxongroup.com/maxon/view/product/gear/planetary/GPX/GPX19/GPX19-4-Stufig-HP/GPX19HPKLSL0243CPLW,31640625/130321,2.0,55.0,41.0,63,19.0
282,https://www.maxongroup.com/maxon/view/product/gear/planetary/GPX/GPX19/GPX19-4-Stufig-HP/GPX19HPKLSL0734CPLW,23566950/32110,2.0,55.0,41.0,63,19.0
283,https://www.maxongroup.com/maxon/view/product/gear/planetary/GPX/GPX19/GPX19-4-Stufig-HP/GPX19HPKLSL1526CPLW,19837224/13000,2.0,55.0,41.0,63,19.0
284,https://www.maxongroup.com/maxon/view/product/gear/planetary/GPX/GPX19/GPX19-2-Stufig-HP/GPX19HPKLSL16D0CPLW,5625/361,0.9,75.0,31.0,51,19.0
285,https://www.maxongroup.com/maxon/view/product/gear/planetary/GPX/GPX19/GPX19-2-Stufig-HP/GPX19HPKLSL26D0CPLW,4950/190,0.9,75.0,31.0,51,19.0
286,https://www.maxongroup.com/maxon/view/product/gear/planetary/GPX/GPX19/GPX19-2-Stufig-HP/GPX19HPKLSL35D0CPLW,4554/130,0.9,75.0,31.0,51,19.0
287,https://www.maxongroup.com/maxon/view/product/gear/planetary/GPX/GPX19/GPX19-3-Stufig-HP/GPX19HPKLSL62D0CPLW,421875/6859,1.6,65.0,37.0,61,19.0
288,https://www.maxongroup.com/maxon/view/product/gear/planetary/GPX/GPX19/GPX19-1-Stufig-HS/GPX19HSKLSL03D9CPSC,75/19,0.08,85.0,31.4,41,19.0
289,https://www.maxongroup.com/maxon/view/product/gear/planetary/GPX/GPX19/GPX19-1-Stufig-HS/GPX19HSKLSL06D6CPSC,66/10,0.08,85.0,31.4,41,19.0
290,https://www.maxongroup.com/maxon/view/product/gear/planetary/GPX/GPX19/GPX19-2-Stufig-HS/GPX19HSKLSL16D0CPSC,5625/361,0.2,80.0,40.3,54,19.0
291,https://www.maxongroup.com/maxon/view/product/gear/planetary/GPX/GPX19/GPX19-2-Stufig-HS/GPX19HSKLSL26D0CPSC,4950/190,0.2,80.0,40.3,54,19.0
292,https://www.maxongroup.com/maxon/view/product/gear/planetary/GPX/GPX19/GPX19-2-Stufig-HS/GPX19HSKLSL44D0CPSC,4356/100,0.2,80.0,40.3,54,19.0
293,https://www.maxongroup.com/maxon/view/product/gear/planetary/GPX/GPX19/GPX19-3-Stufig-LN/GPX19LNKLSL0150CPLW,328509/2197,0.52,75.0,27.0,43,19.0
294,https://www.maxongroup.com/maxon/view/product/gear/planetary/GPX/GPX19/GPX19-3-Stufig-LN/GPX19LNKLSL0231CPLW,300564/1300,0.52,75.0,27.0,43,19.0
295,https://www.maxongroup.com/maxon/view/product/gear/planetary/GPX/GPX19/GPX19-4-Stufig-LN/GPX19LNKLSL0243CPLW,31640625/130321,0.64,90.0,31.0,55,19.0
296,https://www.maxongroup.com/maxon/view/product/gear/planetary/GPX/GPX19/GPX19-1-Stufig-LN/GPX19LNKLSL03D9CPLW,75/19,0.28,90.0,16.9,30,19.0
297,https://www.maxongroup.com/maxon/view/product/gear/planetary/GPX/GPX19/GPX19-1-Stufig-LN/GPX19LNKLSL06D6CPLW,66/10,0.28,90.0,16.9,30,19.0
298,https://www.maxongroup.com/maxon/view/product/gear/planetary/GPX/GPX19/GPX19-4-Stufig-LN/GPX19LNKLSL0734CPLW,23566950/32110,0.64,90.0,36.2,55,19.0
299,https://www.maxongroup.com/maxon/view/product/gear/planetary/GPX/GPX19/GPX19-4-Stufig-LN/GPX19LNKLSL1526CPLW,19837224/13000,0.64,90.0,36.2,55,19.0
300,https://www.maxongroup.com/maxon/view/product/gear/planetary/GPX/GPX19/GPX19-2-Stufig-LN/GPX19LNKLSL16D0CPLW,5625/361,0.36,80.0,22.9,40,19.0
301,https://www.maxongroup.com/maxon/view/product/gear/planetary/GPX/GPX19/GPX19-2-Stufig-LN/GPX19LNKLSL26D0CPLW,4950/190,0.36,80.0,22.9,40,19.0
302,https://www.maxongroup.com/maxon/view/product/gear/planetary/GPX/GPX19/GPX19-2-Stufig-LN/GPX19LNKLSL35D0CPLW,4554/130,0.36,80.0,22.9,40,19.0
303,https://www.maxongroup.com/maxon/view/product/gear/planetary/GPX/GPX19/GPX19-3-Stufig-LN/GPX19LNKLSL62D0CPLW,421875/6859,0.52,75.0,27.0,43,19.0
304,https://www.maxongroup.com/maxon/view/product/gear/planetary/GPX/GPX19/GPX19-3-Stufig-LZ/GPX19LZKLSL0150CPLW,328509/3197,0.65,75.0,27.0,43,19.0
305,https://www.maxongroup.com/maxon/view/product/gear/planetary/GPX/GPX19/GPX19-3-Stufig-LZ/GPX19LZKLSL0231CPLW,300564/1300,0.65,75.0,27.0,43,19.0
306,https://www.maxongroup.com/maxon/view/product/gear/planetary/GPX/GPX19/GPX19-4-Stufig-LZ/GPX19LZKLSL0243CPLW,31640625/130321,0.8,65.0,31.0,55,19.0
307,https://www.maxongroup.com/maxon/view/product/gear/planetary/GPX/GPX19/GPX19-4-Stufig-LZ/GPX19LZKLSL0734CPLW,23566950/32110,0.8,65.0,36.2,55,19.0
308,https://www.maxongroup.com/maxon/view/product/gear/planetary/GPX/GPX19/GPX19-4-Stufig-LZ/GPX19LZKLSL1526CPLW,19837224/13000,0.8,65.0,36.2,55,19.0
309,https://www.maxongroup.com/maxon/view/product/gear/planetary/GPX/GPX19/GPX19-2-Stufig-LZ/GPX19LZKLSL16D0CPLW,5625/361,0.45,80.0,22.9,40,19.0
310,https://www.maxongroup.com/maxon/view/product/gear/planetary/GPX/GPX19/GPX19-2-Stufig-LZ/GPX19LZKLSL26D0CPLW,4950/190,0.45,80.0,22.9,40,19.0
311,https://www.maxongroup.com/maxon/view/product/gear/planetary/GPX/GPX19/GPX19-2-Stufig-LZ/GPX19LZKLSL35D0CPLW,4554/130,0.45,80.0,22.9,40,19.0
312,https://www.maxongroup.com/maxon/view/product/gear/planetary/GPX/GPX19/GPX19-3-Stufig-LZ/GPX19LZKLSL62D0CPLW,421875/6859,0.65,75.0,27.0,43,19.0
313,https://www.maxongroup.com/maxon/view/product/gear/planetary/GPX/GPX19/GPX19-1-Stufig-M1/GPX19M1KLSL03D9CPSC,75/19,0.08,85.0,39.2,56,19.0
314,https://www.maxongroup.com/maxon/view/product/gear/planetary/GPX/GPX19/GPX19-1-Stufig-M1/GPX19M1KLSL06D6CPSC,66/10,0.08,85.0,39.2,56,19.0
315,https://www.maxongroup.com/maxon/view/product/gear/planetary/GPX/GPX19/GPX19-2-Stufig-M1/GPX19M1KLSL16D0CPSC,5625/361,0.2,80.0,48.1,69,19.0
316,https://www.maxongroup.com/maxon/view/product/gear/planetary/GPX/GPX19/GPX19-2-Stufig-M1/GPX19M1KLSL26D0CPSC,4950/190,0.2,80.0,48.1,69,19.0
317,https://www.maxongroup.com/maxon/view/product/gear/planetary/GPX/GPX19/GPX19-2-Stufig-M1/GPX19M1KLSL44D0CPSC,4356/100,0.2,80.0,48.1,69,19.0
318,https://www.maxongroup.com/maxon/view/product/gear/planetary/GPX/GPX22/GPX22-3-Stufig-A/GPX22AAKLSL0150CPLW,328509/2197,1.2,74.0,32.2,67,22.0
319,https://www.maxongroup.com/maxon/view/product/gear/planetary/GPX/GPX22/GPX22-3-Stufig-A/GPX22AAKLSL0231CPLW,300564/1300,1.2,74.0,32.2,67,22.0
320,https://www.maxongroup.com/maxon/view/product/gear/planetary/GPX/GPX22/GPX22-4-Stufig-A/GPX22AAKLSL0243CPLW,31640625/130321,1.5,66.0,43.0,89,22.0
321,https://www.maxongroup.com/maxon/view/product/gear/planetary/GPX/GPX22/GPX22-1-Stufig-A/GPX22AAKLSL03D9CPLW,75/19,0.5,90.0,19.9,45,22.0
322,https://www.maxongroup.com/maxon/view/product/gear/planetary/GPX/GPX22/GPX22-1-Stufig-A/GPX22AAKLSL06D6CPLW,66/10,0.5,90.0,19.9,45,22.0
323,https://www.maxongroup.com/maxon/view/product/gear/planetary/GPX/GPX22/GPX22-4-Stufig-A/GPX22AAKLSL0734CPLW,23566950/32110,1.5,66.0,43.0,89,22.0
324,https://www.maxongroup.com/maxon/view/product/gear/planetary/GPX/GPX22/GPX22-4-Stufig-A/GPX22AAKLSL1526CPLW,19837224/13000,1.5,66.0,43.0,89,22.0
325,https://www.maxongroup.com/maxon/view/product/gear/planetary/GPX/GPX22/GPX22-2-Stufig-A/GPX22AAKLSL16D0CPLW,5625/361,0.7,81.0,26.4,58,22.0
326,https://www.maxongroup.com/maxon/view/product/gear/planetary/GPX/GPX22/GPX22-2-Stufig-A/GPX22AAKLSL26D0CPLW,4950/190,0.7,81.0,26.4,58,22.0
327,https://www.maxongroup.com/maxon/view/product/gear/planetary/GPX/GPX22/GPX22-2-Stufig-A/GPX22AAKLSL44D0CPLW,4356/100,0.7,81.0,26.4,58,22.0
328,https://www.maxongroup.com/maxon/view/product/gear/planetary/GPX/GPX22/GPX22-3-Stufig-A/GPX22AAKLSL62D0CPLW,421875/6859,1.2,74.0,32.2,67,22.0
329,https://www.maxongroup.com/maxon/view/product/gear/planetary/GPX/GPX22/GPX22-3-Stufig-C/GPX22CAKLSL0150CPLW,328509/2197,1.6,74.0,32.2,67,22.0
330,https://www.maxongroup.com/maxon/view/product/gear/planetary/GPX/GPX22/GPX22-3-Stufig-C/GPX22CAKLSL0231CPLW,300564/1300,1.6,74.0,32.2,67,22.0
331,https://www.maxongroup.com/maxon/view/product/gear/planetary/GPX/GPX22/GPX22-4-Stufig-C/GPX22CAKLSL0243CPLW,31640625/130321,2.0,66.0,43.0,89,22.0
332,https://www.maxongroup.com/maxon/view/product/gear/planetary/GPX/GPX22/GPX22-1-Stufig-C/GPX22CAKLSL03D9CPLW,75/19,0.7,90.0,19.9,45,22.0
333,https://www.maxongroup.com/maxon/view/product/gear/planetary/GPX/GPX22/GPX22-1-Stufig-C/GPX22CAKLSL06D6CPLW,66/10,0.7,90.0,19.9,45,22.0
334,https://www.maxongroup.com/maxon/view/product/gear/planetary/GPX/GPX22/GPX22-4-Stufig-C/GPX22CAKLSL0734CPLW,23566950/32110,2.0,66.0,43.0,89,22.0
335,https://www.maxongroup.com/maxon/view/product/gear/planetary/GPX/GPX22/GPX22-4-Stufig-C/GPX22CAKLSL1526CPLW,19837224/13000,2.0,66.0,43.0,89,22.0
336,https://www.maxongroup.com/maxon/view/product/gear/planetary/GPX/GPX22/GPX22-2-Stufig-C/GPX22CAKLSL16D0CPLW,5625/361,0.9,81.0,26.4,58,22.0
337,https://www.maxongroup.com/maxon/view/product/gear/planetary/GPX/GPX22/GPX22-2-Stufig-C/GPX22CAKLSL26D0CPLW,4950/190,0.9,81.0,26.4,58,22.0
338,https://www.maxongroup.com/maxon/view/product/gear/planetary/GPX/GPX22/GPX22-2-Stufig-C/GPX22CAKLSL44D0CPLW,4356/100,0.9,81.0,26.4,58,22.0
339,https://www.maxongroup.com/maxon/view/product/gear/planetary/GPX/GPX22/GPX22-3-Stufig-C/GPX22CAKLSL62D0CPLW,421875/6859,1.6,74.0,32.2,67,22.0
340,https://www.maxongroup.com/maxon/view/product/gear/planetary/GPX/GPX22/GPX22-3-Stufig-HP/GPX22HPKLSL0150CPLW,328509/2197,3.3,65.0,38.2,86,22.0
341,https://www.maxongroup.com/maxon/view/product/gear/planetary/GPX/GPX22/GPX22-3-Stufig-HP/GPX22HPKLSL0231CPLW,300564/1300,3.3,65.0,38.2,86,22.0
342,https://www.maxongroup.com/maxon/view/product/gear/planetary/GPX/GPX22/GPX22-4-Stufig-HP/GPX22HPKLSL0243CPLW,31640625/130321,3.7,55.0,44.0,95,22.0
343,https://www.maxongroup.com/maxon/view/product/gear/planetary/GPX/GPX22/GPX22-4-Stufig-HP/GPX22HPKLSL0734CPLW,23566950/32110,3.7,55.0,44.0,95,22.0
344,https://www.maxongroup.com/maxon/view/product/gear/planetary/GPX/GPX22/GPX22-4-Stufig-HP/GPX22HPKLSL1526CPLW,19837224/13000,3.7,55.0,44.0,95,22.0
345,https://www.maxongroup.com/maxon/view/product/gear/planetary/GPX/GPX22/GPX22-2-Stufig-HP/GPX22HPKLSL16D0CPLW,5625/361,2.4,75.0,31.7,73,22.0
346,https://www.maxongroup.com/maxon/view/product/gear/planetary/GPX/GPX22/GPX22-2-Stufig-HP/GPX22HPKLSL26D0CPLW,4950/190,2.4,75.0,31.7,73,22.0
347,https://www.maxongroup.com/maxon/view/product/gear/planetary/GPX/GPX22/GPX22-2-Stufig-HP/GPX22HPKLSL44D0CPLW,4356/100,2.4,75.0,31.7,73,22.0
348,https://www.maxongroup.com/maxon/view/product/gear/planetary/GPX/GPX22/GPX22-3-Stufig-HP/GPX22HPKLSL62D0CPLW,421875/6859,3.3,65.0,38.2,86,22.0
349,https://www.maxongroup.com/maxon/view/product/gear/planetary/GPX/GPX22/GPX22-1-Stufig-HS/GPX22HSKLSL03D9CPSC,75/19,0.11,85.0,30.8,65,22.0
350,https://www.maxongroup.com/maxon/view/product/gear/planetary/GPX/GPX22/GPX22-1-Stufig-HS/GPX22HSKLSL06D6CPSC,66/10,0.11,85.0,30.8,65,22.0
351,https://www.maxongroup.com/maxon/view/product/gear/planetary/GPX/GPX22/GPX22-2-Stufig-HS/GPX22HSKLSL16D0CPSC,5625/361,0.27,80.0,40.9,86,22.0
352,https://www.maxongroup.com/maxon/view/product/gear/planetary/GPX/GPX22/GPX22-2-Stufig-HS/GPX22HSKLSL26D0CPSC,4950/190,0.27,80.0,40.9,86,22.0
353,https://www.maxongroup.com/maxon/view/product/gear/planetary/GPX/GPX22/GPX22-2-Stufig-HS/GPX22HSKLSL44D0CPSC,4356/100,0.27,80.0,40.9,86,22.0
354,https://www.maxongroup.com/maxon/view/product/gear/planetary/GPX/GPX22/GPX22-3-Stufig-LN/GPX22LNKLSL0150CPLW,328509/2197,1.0,74.0,32.2,67,22.0
355,https://www.maxongroup.com/maxon/view/product/gear/planetary/GPX/GPX22/GPX22-3-Stufig-LN/GPX22LNKLSL0231CPLW,300564/1300,1.0,74.0,32.2,67,22.0
356,https://www.maxongroup.com/maxon/view/product/gear/planetary/GPX/GPX22/GPX22-4-Stufig-LN/GPX22LNKLSL0243CPLW,31640625/130321,1.2,66.0,43.0,89,22.0
357,https://www.maxongroup.com/maxon/view/product/gear/planetary/GPX/GPX22/GPX22-1-Stufig-LN/GPX22LNKLSL03D9CPLW,75/19,0.4,90.0,19.9,45,22.0
358,https://www.maxongroup.com/maxon/view/product/gear/planetary/GPX/GPX22/GPX22-1-Stufig-LN/GPX22LNKLSL06D6CPLW,66/10,0.4,90.0,19.9,45,22.0
359,https://www.maxongroup.com/maxon/view/product/gear/planetary/GPX/GPX22/GPX22-4-Stufig-LN/GPX22LNKLSL0734CPLW,23566950/32110,1.2,66.0,42.9,93,22.0
360,https://www.maxongroup.com/maxon/view/product/gear/planetary/GPX/GPX22/GPX22-4-Stufig-LN/GPX22LNKLSL1526CPLW,19837224/13000,1.2,66.0,42.9,93,22.0
361,https://www.maxongroup.com/maxon/view/product/gear/planetary/GPX/GPX22/GPX22-2-Stufig-LN/GPX22LNKLSL16D0CPLW,5625/361,0.55,81.0,26.4,58,22.0
362,https://www.maxongroup.com/maxon/view/product/gear/planetary/GPX/GPX22/GPX22-2-Stufig-LN/GPX22LNKLSL26D0CPLW,4950/190,0.55,81.0,26.4,58,22.0
363,https://www.maxongroup.com/maxon/view/product/gear/planetary/GPX/GPX22/GPX22-2-Stufig-LN/GPX22LNKLSL44D0CPLW,4356/100,0.55,81.0,26.4,58,22.0
364,https://www.maxongroup.com/maxon/view/product/gear/planetary/GPX/GPX22/GPX22-3-Stufig-LN/GPX22LNKLSL62D0CPLW,421875/6859,1.0,74.0,32.2,67,22.0
365,https://www.maxongroup.com/maxon/view/product/gear/planetary/GPX/GPX22/GPX22-3-Stufig-LZ/GPX22LZKLSL0150CPLW,328509/2197,1.2,74.0,32.2,67,22.0
366,https://www.maxongroup.com/maxon/view/product/gear/planetary/GPX/GPX22/GPX22-3-Stufig-LZ/GPX22LZKLSL0231CPLW,300564/1300,1.2,74.0,32.2,67,22.0
367,https://www.maxongroup.com/maxon/view/product/gear/planetary/GPX/GPX22/GPX22-4-Stufig-LZ/GPX22LZKLSL0243CPLW,31640625/130321,1.5,66.0,43.0,89,22.0
368,https://www.maxongroup.com/maxon/view/product/gear/planetary/GPX/GPX22/GPX22-4-Stufig-LZ/GPX22LZKLSL0734CPLW,23566950/32110,1.5,66.0,43.0,89,22.0
369,https://www.maxongroup.com/maxon/view/product/gear/planetary/GPX/GPX22/GPX22-4-Stufig-LZ/GPX22LZKLSL1526CPLW,19837224/13000,1.5,66.0,43.0,89,22.0
370,https://www.maxongroup.com/maxon/view/product/gear/planetary/GPX/GPX22/GPX22-2-Stufig-LZ/GPX22LZKLSL16D0CPLW,5625/361,0.7,81.0,26.4,58,22.0
371,https://www.maxongroup.com/maxon/view/product/gear/planetary/GPX/GPX22/GPX22-2-Stufig-LZ/GPX22LZKLSL26D0CPLW,4950/190,0.7,81.0,26.4,58,22.0
372,https://www.maxongroup.com/maxon/view/product/gear/planetary/GPX/GPX22/GPX22-2-Stufig-LZ/GPX22LZKLSL44D0CPLW,4356/100,0.7,81.0,26.4,58,22.0
373,https://www.maxongroup.com/maxon/view/product/gear/planetary/GPX/GPX22/GPX22-3-Stufig-LZ/GPX22LZKLSL62D0CPLW,421875/6859,1.2,74.0,32.2,67,22.0
374,https://www.maxongroup.com/maxon/view/product/gear/planetary/GPX/GPX22/GPX22-1-Stufig-M1/GPX22M1KLSL03D9CPSC,75/19,0.11,85.0,38.6,85,22.0
375,https://www.maxongroup.com/maxon/view/product/gear/planetary/GPX/GPX22/GPX22-1-Stufig-M1/GPX22M1KLSL05D3CPSC,69/13,0.11,85.0,38.6,85,22.0
376,https://www.maxongroup.com/maxon/view/product/gear/planetary/GPX/GPX22/GPX22-1-Stufig-M1/GPX22M1KLSL06D6CPSC,66/10,0.11,85.0,38.6,85,22.0
377,https://www.maxongroup.com/maxon/view/product/gear/planetary/GPX/GPX22/GPX22-2-Stufig-M1/GPX22M1KLSL16D0CPSC,5625/361,0.27,80.0,48.6,106,22.0
378,https://www.maxongroup.com/maxon/view/product/gear/planetary/GPX/GPX22/GPX22-2-Stufig-M1/GPX22M1KLSL26D0CPSC,4950/190,0.27,80.0,48.6,106,22.0
379,https://www.maxongroup.com/maxon/view/product/gear/planetary/GPX/GPX22/GPX22-2-Stufig-M1/GPX22M1KLSL44D0CPSC,4356/100,0.27,80.0,48.6,106,22.0
380,https://www.maxongroup.com/maxon/view/product/gear/planetary/GPX/GPX22/GPX22-1-Stufig-HP-STES/GPX22M2KLSL03D9CPLW,75/19,0.8,85.0,29.3,78,22.0
381,https://www.maxongroup.com/maxon/view/product/gear/planetary/GPX/GPX22/GPX22-1-Stufig-HP-STES/GPX22M2KLSL06D6CPLW,66/10,0.8,85.0,29.3,78,22.0
382,https://www.maxongroup.com/maxon/view/product/gear/planetary/GPX/GPX22/GPX22-3-Stufig-UP/GPX22UPKLSL0150CPLW,328509/2197,4.3,90.0,41.9,95,22.0
383,https://www.maxongroup.com/maxon/view/product/gear/planetary/GPX/GPX22/GPX22-3-Stufig-UP/GPX22UPKLSL0231CPLW,300564/1300,4.3,90.0,41.9,95,22.0
384,https://www.maxongroup.com/maxon/view/product/gear/planetary/GPX/GPX22/GPX22-4-Stufig-UP/GPX22UPKLSL0243CPLW,31640625/130321,5.2,87.0,51.9,115,22.0
385,https://www.maxongroup.com/maxon/view/product/gear/planetary/GPX/GPX22/GPX22-1-Stufig-UP/GPX22UPKLSL03D9CPLW,75/19,1.0,96.0,21.6,56,22.0
386,https://www.maxongroup.com/maxon/view/product/gear/planetary/GPX/GPX22/GPX22-4-Stufig-UP/GPX22UPKLSL0734CPLW,23566950/32110,5.2,87.0,51.9,115,22.0
387,https://www.maxongroup.com/maxon/view/product/gear/planetary/GPX/GPX22/GPX22-4-Stufig-UP/GPX22UPKLSL1526CPLW,19837224/13000,5.2,87.0,51.9,115,22.0
388,https://www.maxongroup.com/maxon/view/product/gear/planetary/GPX/GPX22/GPX22-2-Stufig-UP/GPX22UPKLSL16D0CPLW,5625/361,2.9,93.0,31.7,78,22.0
389,https://www.maxongroup.com/maxon/view/product/gear/planetary/GPX/GPX22/GPX22-2-Stufig-UP/GPX22UPKLSL26D0CPLW,4950/190,2.9,93.0,31.7,78,22.0
390,https://www.maxongroup.com/maxon/view/product/gear/planetary/GPX/GPX22/GPX22-2-Stufig-UP/GPX22UPKLSL35D0CPLW,4554/130,2.9,93.0,31.7,78,22.0
391,https://www.maxongroup.com/maxon/view/product/gear/planetary/GPX/GPX22/GPX22-3-Stufig-UP/GPX22UPKLSL62D0CPLW,421875/6859,4.3,90.0,41.9,95,22.0
392,https://www.maxongroup.com/maxon/view/product/gear/planetary/GPX/GPX26/GPX26-3-Stufig-A/GPX26AAKLSL0150CPLW,328509/2197,4.5,75.0,35.5,105,26.0
393,https://www.maxongroup.com/maxon/view/product/gear/planetary/GPX/GPX26/GPX26-3-Stufig-A/GPX26AAKLSL0231CPLW,300564/1300,4.5,75.0,35.5,105,26.0
394,https://www.maxongroup.com/maxon/view/product/gear/planetary/GPX/GPX26/GPX26-1-Stufig-A/GPX26AAKLSL03D9CPLW,75/19,0.75,90.0,21.3,75,26.0
395,https://www.maxongroup.com/maxon/view/product/gear/planetary/GPX/GPX26/GPX26-1-Stufig-A/GPX26AAKLSL05D3CPLW,69/13,0.75,90.0,21.3,75,26.0
396,https://www.maxongroup.com/maxon/view/product/gear/planetary/GPX/GPX26/GPX26-2-Stufig-A/GPX26AAKLSL16D0CPLW,5625/361,2.25,78.0,30.2,95,26.0
397,https://www.maxongroup.com/maxon/view/product/gear/planetary/GPX/GPX26/GPX26-2-Stufig-A/GPX26AAKLSL26D0CPLW,4950/190,2.25,78.0,30.2,95,26.0
398,https://www.maxongroup.com/maxon/view/product/gear/planetary/GPX/GPX26/GPX26-2-Stufig-A/GPX26AAKLSL35D0CPLW,4554/130,2.25,78.0,30.2,95,26.0
399,https://www.maxongroup.com/maxon/view/product/gear/planetary/GPX/GPX26/GPX26-3-Stufig-A/GPX26AAKLSL62D0CPLW,421875/6859,4.5,75.0,35.5,105,26.0
400,https://www.maxongroup.com/maxon/view/product/gear/planetary/GPX/GPX26/GPX26-3-Stufig-C/GPX26CAKLSL0150CPLW,328509/2197,5.0,75.0,35.5,105,26.0
401,https://www.maxongroup.com/maxon/view/product/gear/planetary/GPX/GPX26/GPX26-3-Stufig-C/GPX26CAKLSL0231CPLW,300564/1300,5.0,75.0,35.5,105,26.0
402,https://www.maxongroup.com/maxon/view/product/gear/planetary/GPX/GPX26/GPX26-1-Stufig-C/GPX26CAKLSL03D9CPLW,75/19,1.0,90.0,21.3,75,26.0
403,https://www.maxongroup.com/maxon/view/product/gear/planetary/GPX/GPX26/GPX26-1-Stufig-C/GPX26CAKLSL05D3CPLW,69/13,1.0,90.0,21.3,75,26.0
404,https://www.maxongroup.com/maxon/view/product/gear/planetary/GPX/GPX26/GPX26-2-Stufig-C/GPX26CAKLSL16D0CPLW,5625/361,2.6,78.0,30.2,95,26.0
405,https://www.maxongroup.com/maxon/view/product/gear/planetary/GPX/GPX26/GPX26-2-Stufig-C/GPX26CAKLSL26D0CPLW,4950/190,2.6,78.0,30.2,95,26.0
406,https://www.maxongroup.com/maxon/view/product/gear/planetary/GPX/GPX26/GPX26-2-Stufig-C/GPX26CAKLSL35D0CPLW,4554/130,2.6,78.0,30.2,95,26.0
407,https://www.maxongroup.com/maxon/view/product/gear/planetary/GPX/GPX26/GPX26-3-Stufig-C/GPX26CAKLSL62D0CPLW,421875/6859,5.0,75.0,35.5,105,26.0
408,https://www.maxongroup.com/maxon/view/product/gear/planetary/GPX/GPX26/GPX26-3-Stufig-HP/GPX26HPKLSL0150CPLW,328509/2197,5.0,65.0,47.1,144,26.0
409,https://www.maxongroup.com/maxon/view/product/gear/planetary/GPX/GPX26/GPX26-3-Stufig-HP/GPX26HPKLSL0231CPLW,300564/1300,5.0,65.0,47.1,144,26.0
410,https://www.maxongroup.com/maxon/view/product/gear/planetary/GPX/GPX26/GPX26-4-Stufig-HP/GPX26HPKLSL0243CPLW,31640625/130321,6.3,55.0,52.4,153,26.0
411,https://www.maxongroup.com/maxon/view/product/gear/planetary/GPX/GPX26/GPX26-4-Stufig-HP/GPX26HPKLSL0734CPLW,23566950/32110,6.3,55.0,52.4,153,26.0
412,https://www.maxongroup.com/maxon/view/product/gear/planetary/GPX/GPX26/GPX26-4-Stufig-HP/GPX26HPKLSL1526CPLW,19837224/13000,6.3,55.0,52.4,153,26.0
413,https://www.maxongroup.com/maxon/view/product/gear/planetary/GPX/GPX26/GPX26-2-Stufig-HP/GPX26HPKLSL16D0CPLW,5625/361,3.0,75.0,38.2,122,26.0
414,https://www.maxongroup.com/maxon/view/product/gear/planetary/GPX/GPX26/GPX26-2-Stufig-HP/GPX26HPKLSL26D0CPLW,4950/190,3.0,75.0,38.2,122,26.0
415,https://www.maxongroup.com/maxon/view/product/gear/planetary/GPX/GPX26/GPX26-2-Stufig-HP/GPX26HPKLSL35D0CPLW,4554/130,3.0,75.0,38.2,122,26.0
416,https://www.maxongroup.com/maxon/view/product/gear/planetary/GPX/GPX26/GPX26-3-Stufig-HP/GPX26HPKLSL62D0CPLW,421875/6859,5.0,65.0,47.1,144,26.0
417,https://www.maxongroup.com/maxon/view/product/gear/planetary/GPX/GPX26/GPX26-3-Stufig-LN/GPX26LNKLSL0150CPLW,328509/2197,3.6,75.0,35.5,105,26.0
418,https://www.maxongroup.com/maxon/view/product/gear/planetary/GPX/GPX26/GPX26-3-Stufig-LN/GPX26LNKLSL0231CPLW,300564/1300,3.6,75.0,35.5,105,26.0
419,https://www.maxongroup.com/maxon/view/product/gear/planetary/GPX/GPX26/GPX26-1-Stufig-LN/GPX26LNKLSL03D9CPLW,75/19,0.6,90.0,21.3,75,26.0
420,https://www.maxongroup.com/maxon/view/product/gear/planetary/GPX/GPX26/GPX26-1-Stufig-LN/GPX26LNKLSL05D3CPLW,69/13,0.6,90.0,21.3,75,26.0
421,https://www.maxongroup.com/maxon/view/product/gear/planetary/GPX/GPX26/GPX26-2-Stufig-LN/GPX26LNKLSL16D0CPLW,5625/361,1.8,78.0,30.2,95,26.0
422,https://www.maxongroup.com/maxon/view/product/gear/planetary/GPX/GPX26/GPX26-2-Stufig-LN/GPX26LNKLSL26D0CPLW,4950/190,1.8,78.0,30.2,95,26.0
423,https://www.maxongroup.com/maxon/view/product/gear/planetary/GPX/GPX26/GPX26-2-Stufig-LN/GPX26LNKLSL35D0CPLW,4554/130,1.8,78.0,30.2,95,26.0
424,https://www.maxongroup.com/maxon/view/product/gear/planetary/GPX/GPX26/GPX26-3-Stufig-LN/GPX26LNKLSL62D0CPLW,421875/6859,3.6,75.0,35.5,105,26.0
425,https://www.maxongroup.com/maxon/view/product/gear/planetary/GPX/GPX26/GPX26-3-Stufig-LZ/GPX26LZKLSL0150CPLW,328509/2197,4.5,75.0,35.5,105,26.0
426,https://www.maxongroup.com/maxon/view/product/gear/planetary/GPX/GPX26/GPX26-3-Stufig-LZ/GPX26LZKLSL0231CPLW,300564/1300,4.5,75.0,35.5,105,26.0
427,https://www.maxongroup.com/maxon/view/product/gear/planetary/GPX/GPX26/GPX26-2-Stufig-LZ/GPX26LZKLSL16D0CPLW,5625/361,2.25,78.0,30.2,95,26.0
428,https://www.maxongroup.com/maxon/view/product/gear/planetary/GPX/GPX26/GPX26-2-Stufig-LZ/GPX26LZKLSL26D0CPLW,4950/190,2.25,78.0,30.2,95,26.0
429,https://www.maxongroup.com/maxon/view/product/gear/planetary/GPX/GPX26/GPX26-2-Stufig-LZ/GPX26LZKLSL35D0CPLW,4554/130,2.25,78.0,30.2,95,26.0
430,https://www.maxongroup.com/maxon/view/product/gear/planetary/GPX/GPX26/GPX26-3-Stufig-LZ/GPX26LZKLSL62D0CPLW,421875/6859,4.5,75.0,35.5,105,26.0
431,https://www.maxongroup.com/maxon/view/product/gear/planetary/GPX/GPX32/GPX32-3-Stufig-A/GPX32AAKLSL0150CPLW,328509/2197,5.0,75.0,43.9,230,32.0
432,https://www.maxongroup.com/maxon/view/product/gear/planetary/GPX/GPX32/GPX32-3-Stufig-A/GPX32AAKLSL0231CPLW,300564/1300,5.0,75.0,43.9,230,32.0
433,https://www.maxongroup.com/maxon/view/product/gear/planetary/GPX/GPX32/GPX32-1-Stufig-A/GPX32AAKLSL03D9CPLW,75/19,1.25,90.0,26.7,140,32.0
434,https://www.maxongroup.com/maxon/view/product/gear/planetary/GPX/GPX32/GPX32-1-Stufig-A/GPX32AAKLSL05D3CPLW,69/13,1.25,90.0,26.7,140,32.0
435,https://www.maxongroup.com/maxon/view/product/gear/planetary/GPX/GPX32/GPX32-2-Stufig-A/GPX32AAKLSL16D0CPLW,5625/361,2.9,78.0,36.3,185,32.0
436,https://www.maxongroup.com/maxon/view/product/gear/planetary/GPX/GPX32/GPX32-2-Stufig-A/GPX32AAKLSL26D0CPLW,4950/190,2.9,78.0,36.3,185,32.0
437,https://www.maxongroup.com/maxon/view/product/gear/planetary/GPX/GPX32/GPX32-2-Stufig-A/GPX32AAKLSL35D0CPLW,4554/130,2.9,78.0,36.3,185,32.0
438,https://www.maxongroup.com/maxon/view/product/gear/planetary/GPX/GPX32/GPX32-3-Stufig-A/GPX32AAKLSL62D0CPLW,421875/6859,5.0,75.0,43.9,230,32.0
439,https://www.maxongroup.com/maxon/view/product/gear/planetary/GPX/GPX32/GPX32-3-Stufig-C/GPX32CAKLSL0150CPLW,328509/2197,6.6,75.0,43.9,230,32.0
440,https://www.maxongroup.com/maxon/view/product/gear/planetary/GPX/GPX32/GPX32-3-Stufig-C/GPX32CAKLSL0231CPLW,300564/1300,6.6,75.0,43.9,230,32.0
441,https://www.maxongroup.com/maxon/view/product/gear/planetary/GPX/GPX32/GPX32-1-Stufig-C/GPX32CAKLSL03D9CPLW,75/19,1.6,90.0,26.7,140,32.0
442,https://www.maxongroup.com/maxon/view/product/gear/planetary/GPX/GPX32/GPX32-1-Stufig-C/GPX32CAKLSL05D3CPLW,69/13,1.6,90.0,26.7,140,32.0
443,https://www.maxongroup.com/maxon/view/product/gear/planetary/GPX/GPX32/GPX32-2-Stufig-C/GPX32CAKLSL16D0CPLW,5625/361,3.8,78.0,36.3,185,32.0
444,https://www.maxongroup.com/maxon/view/product/gear/planetary/GPX/GPX32/GPX32-2-Stufig-C/GPX32CAKLSL26D0CPLW,4950/190,3.8,78.0,36.3,185,32.0
445,https://www.maxongroup.com/maxon/view/product/gear/planetary/GPX/GPX32/GPX32-2-Stufig-C/GPX32CAKLSL35D0CPLW,4554/130,3.8,78.0,36.3,185,32.0
446,https://www.maxongroup.com/maxon/view/product/gear/planetary/GPX/GPX32/GPX32-3-Stufig-C/GPX32CAKLSL62D0CPLW,421875/6859,6.6,75.0,43.9,230,32.0
447,https://www.maxongroup.com/maxon/view/product/gear/planetary/GPX/GPX32/GPX32-3-Stufig-HP/GPX32HPKLSL0150CPLW,328509/2197,8.0,65.0,55.9,279,32.0
448,https://www.maxongroup.com/maxon/view/product/gear/planetary/GPX/GPX32/GPX32-3-Stufig-HP/GPX32HPKLSL0231CPLW,300564/1300,8.0,65.0,55.9,279,32.0
449,https://www.maxongroup.com/maxon/view/product/gear/planetary/GPX/GPX32/GPX32-4-Stufig-HP/GPX32HPKLSL0243CPLW,31640625/130321,9.0,55.0,63.5,285,32.0
450,https://www.maxongroup.com/maxon/view/product/gear/planetary/GPX/GPX32/GPX32-4-Stufig-HP/GPX32HPKLSL0734CPLW,23566950/32110,9.0,55.0,63.5,285,32.0
451,https://www.maxongroup.com/maxon/view/product/gear/planetary/GPX/GPX32/GPX32-4-Stufig-HP/GPX32HPKLSL1526CPLW,19837224/13000,9.0,55.0,63.5,285,32.0
452,https://www.maxongroup.com/maxon/view/product/gear/planetary/GPX/GPX32/GPX32-2-Stufig-HP/GPX32HPKLSL16D0CPLW,5625/361,4.0,76.0,46.3,236,32.0
453,https://www.maxongroup.com/maxon/view/product/gear/planetary/GPX/GPX32/GPX32-2-Stufig-HP/GPX32HPKLSL26D0CPLW,4950/190,4.0,76.0,46.3,236,32.0
454,https://www.maxongroup.com/maxon/view/product/gear/planetary/GPX/GPX32/GPX32-2-Stufig-HP/GPX32HPKLSL35D0CPLW,4554/130,4.0,76.0,46.3,236,32.0
455,https://www.maxongroup.com/maxon/view/product/gear/planetary/GPX/GPX32/GPX32-3-Stufig-HP/GPX32HPKLSL62D0CPLW,421875/6859,8.0,65.0,55.9,279,32.0
456,https://www.maxongroup.com/maxon/view/product/gear/planetary/GPX/GPX32/GPX32-3-Stufig-LN/GPX32LNKLSL0150CPLW,328509/2197,4.0,75.0,43.9,230,32.0
457,https://www.maxongroup.com/maxon/view/product/gear/planetary/GPX/GPX32/GPX32-3-Stufig-LN/GPX32LNKLSL0231CPLW,300564/1300,4.0,75.0,43.9,230,32.0
458,https://www.maxongroup.com/maxon/view/product/gear/planetary/GPX/GPX32/GPX32-1-Stufig-LN/GPX32LNKLSL03D9CPLW,75/19,1.0,90.0,26.7,140,32.0
459,https://www.maxongroup.com/maxon/view/product/gear/planetary/GPX/GPX32/GPX32-1-Stufig-LN/GPX32LNKLSL05D3CPLW,69/13,1.0,90.0,26.7,140,32.0
460,https://www.maxongroup.com/maxon/view/product/gear/planetary/GPX/GPX32/GPX32-2-Stufig-LN/GPX32LNKLSL16D0CPLW,5625/361,2.3,78.0,36.3,185,32.0
461,https://www.maxongroup.com/maxon/view/product/gear/planetary/GPX/GPX32/GPX32-2-Stufig-LN/GPX32LNKLSL26D0CPLW,4950/190,2.3,78.0,36.3,185,32.0
462,https://www.maxongroup.com/maxon/view/product/gear/planetary/GPX/GPX32/GPX32-2-Stufig-LN/GPX32LNKLSL35D0CPLW,4554/130,2.3,78.0,36.3,185,32.0
463,https://www.maxongroup.com/maxon/view/product/gear/planetary/GPX/GPX32/GPX32-3-Stufig-LN/GPX32LNKLSL62D0CPLW,421875/6859,4.0,75.0,43.9,230,32.0
464,https://www.maxongroup.com/maxon/view/product/gear/planetary/GPX/GPX32/GPX32-3-Stufig-LZ/GPX32LZKLSL0150CPLW,328509/2197,5.0,75.0,43.9,230,32.0
465,https://www.maxongroup.com/maxon/view/product/gear/planetary/GPX/GPX32/GPX32-3-Stufig-LZ/GPX32LZKLSL0231CPLW,300564/1300,5.0,75.0,43.9,230,32.0
466,https://www.maxongroup.com/maxon/view/product/gear/planetary/GPX/GPX32/GPX32-2-Stufig-LZ/GPX32LZKLSL16D0CPLW,5625/361,2.9,78.0,36.3,185,32.0
467,https://www.maxongroup.com/maxon/view/product/gear/planetary/GPX/GPX32/GPX32-2-Stufig-LZ/GPX32LZKLSL26D0CPLW,4950/190,2.9,78.0,36.3,185,32.0
468,https://www.maxongroup.com/maxon/view/product/gear/planetary/GPX/GPX32/GPX32-2-Stufig-LZ/GPX32LZKLSL35D0CPLW,4554/130,2.9,78.0,36.3,185,32.0
469,https://www.maxongroup.com/maxon/view/product/gear/planetary/GPX/GPX32/GPX32-3-Stufig-LZ/GPX32LZKLSL62D0CPLW,421875/6859,5.0,75.0,43.9,230,32.0
470,https://www.maxongroup.com/maxon/view/product/gear/planetary/GPX/GPX32/GPX32-3-Stufig-UP/GPX32UPKLSL0150CPLW,328509/2197,10.4,90.0,61.3,293,32.0
471,https://www.maxongroup.com/maxon/view/product/gear/planetary/GPX/GPX32/GPX32-3-Stufig-UP/GPX32UPKLSL0231CPLW,300564/1300,10.4,90.0,61.3,293,32.0
472,https://www.maxongroup.com/maxon/view/product/gear/planetary/GPX/GPX32/GPX32-4-Stufig-UP/GPX32UPKLSL0243CPLW,31640625/130321,12.6,87.0,76.2,357,32.0
473,https://www.maxongroup.com/maxon/view/product/gear/planetary/GPX/GPX32/GPX32-1-Stufig-UP/GPX32UPKLSL03D9CPLW,75/19,2.2,96.0,31.5,169,32.0
474,https://www.maxongroup.com/maxon/view/product/gear/planetary/GPX/GPX32/GPX32-1-Stufig-UP/GPX32UPKLSL05D3CPLW,69/13,2.2,96.0,31.5,169,32.0
475,https://www.maxongroup.com/maxon/view/product/gear/planetary/GPX/GPX32/GPX32-4-Stufig-UP/GPX32UPKLSL0734CPLW,23566950/32110,12.6,87.0,76.2,357,32.0
476,https://www.maxongroup.com/maxon/view/product/gear/planetary/GPX/GPX32/GPX32-4-Stufig-UP/GPX32UPKLSL1526CPLW,19837224/13000,12.6,87.0,76.2,357,32.0
477,https://www.maxongroup.com/maxon/view/product/gear/planetary/GPX/GPX32/GPX32-2-Stufig-UP/GPX32UPKLSL16D0CPLW,5625/361,4.8,93.0,46.3,237,32.0
478,https://www.maxongroup.com/maxon/view/product/gear/planetary/GPX/GPX32/GPX32-2-Stufig-UP/GPX32UPKLSL26D0CPLW,4950/190,4.8,93.0,46.3,237,32.0
479,https://www.maxongroup.com/maxon/view/product/gear/planetary/GPX/GPX32/GPX32-2-Stufig-UP/GPX32UPKLSL35D0CPLW,4554/130,4.8,93.0,46.3,237,32.0
480,https://www.maxongroup.com/maxon/view/product/gear/planetary/GPX/GPX32/GPX32-3-Stufig-UP/GPX32UPKLSL62D0CPLW,421875/6859,10.4,90.0,61.3,293,32.0
481,https://www.maxongroup.com/maxon/view/product/gear/planetary/GPX/GPX37/GPX37-3-Stufig-A/GPX37AAKLSL0150CPLW,328509/2197,9.3,75.0,52.9,410,37.0
482,https://www.maxongroup.com/maxon/view/product/gear/planetary/GPX/GPX37/GPX37-3-Stufig-A/GPX37AAKLSL0231CPLW,300564/1300,9.3,75.0,52.9,410,37.0
483,https://www.maxongroup.com/maxon/view/product/gear/planetary/GPX/GPX37/GPX37-1-Stufig-A/GPX37AAKLSL03D9CPLW,75/19,2.3,90.0,35.4,230,37.0
484,https://www.maxongroup.com/maxon/view/product/gear/planetary/GPX/GPX37/GPX37-2-Stufig-A/GPX37AAKLSL16D0CPLW,5625/361,5.4,80.0,48.3,310,37.0
485,https://www.maxongroup.com/maxon/view/product/gear/planetary/GPX/GPX37/GPX37-2-Stufig-A/GPX37AAKLSL26D0CPLW,4950/190,5.4,80.0,48.3,310,37.0
486,https://www.maxongroup.com/maxon/view/product/gear/planetary/GPX/GPX37/GPX37-3-Stufig-A/GPX37AAKLSL62D0CPLW,421875/6859,9.3,75.0,52.9,410,37.0
487,https://www.maxongroup.com/maxon/view/product/gear/planetary/GPX/GPX37/GPX37-3-Stufig-LN/GPX37LNKLSL0150CPLW,328509/2197,7.4,75.0,52.9,410,37.0
488,https://www.maxongroup.com/maxon/view/product/gear/planetary/GPX/GPX37/GPX37-3-Stufig-LN/GPX37LNKLSL0231CPLW,300564/1300,7.4,75.0,52.9,410,37.0
489,https://www.maxongroup.com/maxon/view/product/gear/planetary/GPX/GPX37/GPX37-1-Stufig-LN/GPX37LNKLSL03D9CPLW,75/19,1.85,90.0,35.4,230,37.0
490,https://www.maxongroup.com/maxon/view/product/gear/planetary/GPX/GPX37/GPX37-2-Stufig-LN/GPX37LNKLSL16D0CPLW,5625/361,4.3,80.0,48.3,310,37.0
491,https://www.maxongroup.com/maxon/view/product/gear/planetary/GPX/GPX37/GPX37-2-Stufig-LN/GPX37LNKLSL26D0CPLW,4950/190,4.3,80.0,48.3,310,37.0
492,https://www.maxongroup.com/maxon/view/product/gear/planetary/GPX/GPX37/GPX37-3-Stufig-LN/GPX37LNKLSL62D0CPLW,421875/6859,7.4,75.0,52.9,410,37.0
493,https://www.maxongroup.com/maxon/view/product/gear/planetary/GPX/GPX37/GPX37-3-Stufig-LZ/GPX37LZKLSL0150CPLW,328509/2197,9.3,75.0,52.9,410,37.0
494,https://www.maxongroup.com/maxon/view/product/gear/planetary/GPX/GPX37/GPX37-3-Stufig-LZ/GPX37LZKLSL0231CPLW,300564/1300,9.3,75.0,52.9,410,37.0
495,https://www.maxongroup.com/maxon/view/product/gear/planetary/GPX/GPX37/GPX37-2-Stufig-LZ/GPX37LZKLSL16D0CPLW,5625/361,5.4,80.0,48.3,310,37.0
496,https://www.maxongroup.com/maxon/view/product/gear/planetary/GPX/GPX37/GPX37-2-Stufig-LZ/GPX37LZKLSL26D0CPLW,4950/190,5.4,80.0,48.3,310,37.0
497,https://www.maxongroup.com/maxon/view/product/gear/planetary/GPX/GPX37/GPX37-3-Stufig-LZ/GPX37LZKLSL62D0CPLW,421875/6859,9.3,75.0,52.9,410,37.0
498,https://www.maxongroup.com/maxon/view/product/gear/planetary/GPX/GPX42/GPX42-4-Stufig-C/GPX42CAKLSL0150CPLW,2401/16,15.0,64.0,84.5,560,42.0
499,https://www.maxongroup.com/maxon/view/product/gear/planetary/GPX/GPX42/GPX42-3-Stufig-C/GPX42CAKLSL0156CPLW,156/1,15.0,72.0,66.4,460,42.0
500,https://www.maxongroup.com/maxon/view/product/gear/planetary/GPX/GPX42/GPX42-4-Stufig-C/GPX42CAKLSL0394CPLW,1183/3,15.0,64.0,84.5,560,42.0
501,https://www.maxongroup.com/maxon/view/product/gear/planetary/GPX/GPX42/GPX42-1-Stufig-C/GPX42CAKLSL03D5CPLW,7/2,3.0,90.0,37.4,260,42.0
502,https://www.maxongroup.com/maxon/view/product/gear/planetary/GPX/GPX42/GPX42-1-Stufig-C/GPX42CAKLSL04D3CPLW,13/3,3.0,90.0,37.4,260,42.0
503,https://www.maxongroup.com/maxon/view/product/gear/planetary/GPX/GPX42/GPX42-4-Stufig-C/GPX42CAKLSL0936CPLW,936/1,15.0,64.0,80.9,560,42.0
504,https://www.maxongroup.com/maxon/view/product/gear/planetary/GPX/GPX42/GPX42-2-Stufig-C/GPX42CAKLSL12D0CPLW,49/4,7.5,81.0,55.5,360,42.0
505,https://www.maxongroup.com/maxon/view/product/gear/planetary/GPX/GPX42/GPX42-2-Stufig-C/GPX42CAKLSL26D0CPLW,26/1,7.5,81.0,51.9,360,42.0
506,https://www.maxongroup.com/maxon/view/product/gear/planetary/GPX/GPX42/GPX42-3-Stufig-C/GPX42CAKLSL43D0CPLW,343/8,15.0,72.0,70.0,460,42.0
507,https://www.maxongroup.com/maxon/view/product/gear/planetary/GPX/GPX42/GPX42-3-Stufig-C/GPX42CAKLSL81D0CPLW,2197/27,15.0,72.0,70.0,460,42.0
508,https://www.maxongroup.com/maxon/view/product/gear/planetary/GPX/GPX42/GPX42-3-Stufig-UP/GPX42UPKLSL0150CPLW,328509/2197,32.0,90.0,86.0,660,42.0
509,https://www.maxongroup.com/maxon/view/product/gear/planetary/GPX/GPX42/GPX42-3-Stufig-UP/GPX42UPKLSL0231CPLW,300564/1300,32.0,90.0,86.0,660,42.0
510,https://www.maxongroup.com/maxon/view/product/gear/planetary/GPX/GPX42/GPX42-4-Stufig-UP/GPX42UPKLSL0243CPLW,31640625/130321,35.0,87.0,104.5,790,42.0
511,https://www.maxongroup.com/maxon/view/product/gear/planetary/GPX/GPX42/GPX42-1-Stufig-UP/GPX42UPKLSL03D9CPLW,75/19,4.5,96.0,48.0,400,42.0
512,https://www.maxongroup.com/maxon/view/product/gear/planetary/GPX/GPX42/GPX42-1-Stufig-UP/GPX42UPKLSL05D3CPLW,69/13,4.5,96.0,48.0,400,42.0
513,https://www.maxongroup.com/maxon/view/product/gear/planetary/GPX/GPX42/GPX42-4-Stufig-UP/GPX42UPKLSL0734CPLW,23566950/32110,35.0,87.0,104.5,790,42.0
514,https://www.maxongroup.com/maxon/view/product/gear/planetary/GPX/GPX42/GPX42-4-Stufig-UP/GPX42UPKLSL1526CPLW,19837224/13000,35.0,87.0,104.5,790,42.0
515,https://www.maxongroup.com/maxon/view/product/gear/planetary/GPX/GPX42/GPX42-2-Stufig-UP/GPX42UPKLSL16D0CPLW,5625/361,18.0,93.0,67.0,540,42.0
516,https://www.maxongroup.com/maxon/view/product/gear/planetary/GPX/GPX42/GPX42-2-Stufig-UP/GPX42UPKLSL26D0CPLW,4950/190,18.0,93.0,67.0,540,42.0
517,https://www.maxongroup.com/maxon/view/product/gear/planetary/GPX/GPX42/GPX42-2-Stufig-UP/GPX42UPKLSL35D0CPLW,4554/130,18.0,93.0,67.0,540,42.0
518,https://www.maxongroup.com/maxon/view/product/gear/planetary/GPX/GPX42/GPX42-3-Stufig-UP/GPX42UPKLSL62D0CPLW,421875/6859,32.0,90.0,86.0,660,42.0
519,https://www.maxongroup.com/maxon/view/product/gear/planetary/GPX/GPX52/GPX52-3-Stufig-A/GPX52AAKLSL0103SQSC,2970000/28880,30.0,89.0,78.0,918,52.0
520,https://www.maxongroup.com/maxon/view/product/gear/planetary/GPX/GPX52/GPX52-3-Stufig-A/GPX52AAKLSL0172SQSC,2613600/15200,30.0,89.0,78.0,930,52.0
521,https://www.maxongroup.com/maxon/view/product/gear/planetary/GPX/GPX52/GPX52-1-Stufig-A/GPX52AAKLSL03D9SQSC,150/38,5.0,95.0,43.5,530,52.0
522,https://www.maxongroup.com/maxon/view/product/gear/planetary/GPX/GPX52/GPX52-1-Stufig-A/GPX52AAKLSL06D6SQSC,132/20,5.0,95.0,43.4,540,52.0
523,https://www.maxongroup.com/maxon/view/product/gear/planetary/GPX/GPX52/GPX52-2-Stufig-A/GPX52AAKLSL16D0SQSC,22500/1444,15.0,92.0,60.5,687,52.0
524,https://www.maxongroup.com/maxon/view/product/gear/planetary/GPX/GPX52/GPX52-2-Stufig-A/GPX52AAKLSL26D0SQSC,19800/760,15.0,92.0,60.5,705,52.0
525,https://www.maxongroup.com/maxon/view/product/gear/planetary/GPX/GPX52/GPX52-2-Stufig-A/GPX52AAKLSL44D0SQSC,17424/400,15.0,92.0,60.5,708,52.0
526,https://www.maxongroup.com/maxon/view/product/gear/planetary/GPX/GPX52/GPX52-3-Stufig-A/GPX52AAKLSL62D0SQSC,3375000/54872,30.0,89.0,78.0,900,52.0
527,https://www.maxongroup.com/maxon/view/product/gear/planetary/GPX/GPX52/GPX52-3-Stufig-LN/GPX52LNKLSL0103SQSC,2970000/28880,24.0,78.0,78.0,990,52.0
528,https://www.maxongroup.com/maxon/view/product/gear/planetary/GPX/GPX52/GPX52-3-Stufig-LN/GPX52LNKLSL0111SQSC,2856600/25688,24.0,78.0,78.0,976,52.0
529,https://www.maxongroup.com/maxon/view/product/gear/planetary/GPX/GPX52/GPX52-3-Stufig-LN/GPX52LNKLSL0138SQSC,2732400/19760,24.0,78.0,78.0,983,52.0
530,https://www.maxongroup.com/maxon/view/product/gear/planetary/GPX/GPX52/GPX52-3-Stufig-LN/GPX52LNKLSL0150SQSC,2628072/17576,24.0,78.0,78.0,983,52.0
531,https://www.maxongroup.com/maxon/view/product/gear/planetary/GPX/GPX52/GPX52-3-Stufig-LN/GPX52LNKLSL0172SQSC,2613600/15200,24.0,78.0,78.0,987,52.0
532,https://www.maxongroup.com/maxon/view/product/gear/planetary/GPX/GPX52/GPX52-3-Stufig-LN/GPX52LNKLSL0186SQSC,2513808/13520,24.0,78.0,78.0,990,52.0
533,https://www.maxongroup.com/maxon/view/product/gear/planetary/GPX/GPX52/GPX52-3-Stufig-LN/GPX52LNKLSL0231SQSC,2404512/10400,24.0,78.0,78.0,995,52.0
534,https://www.maxongroup.com/maxon/view/product/gear/planetary/GPX/GPX52/GPX52-3-Stufig-LN/GPX52LNKLSL0287SQSC,2299968/8000,24.0,78.0,78.0,986,52.0
535,https://www.maxongroup.com/maxon/view/product/gear/planetary/GPX/GPX52/GPX52-1-Stufig-LN/GPX52LNKLSL03D9SQSC,150/38,4.0,90.0,44.0,529,52.0
536,https://www.maxongroup.com/maxon/view/product/gear/planetary/GPX/GPX52/GPX52-1-Stufig-LN/GPX52LNKLSL05D3SQSC,138/26,4.0,90.0,44.0,544,52.0
537,https://www.maxongroup.com/maxon/view/product/gear/planetary/GPX/GPX52/GPX52-1-Stufig-LN/GPX52LNKLSL06D6SQSC,132/20,4.0,90.0,44.0,538,52.0
538,https://www.maxongroup.com/maxon/view/product/gear/planetary/GPX/GPX52/GPX52-2-Stufig-LN/GPX52LNKLSL16D0SQSC,22500/1444,12.0,83.0,61.0,686,52.0
539,https://www.maxongroup.com/maxon/view/product/gear/planetary/GPX/GPX52/GPX52-2-Stufig-LN/GPX52LNKLSL21D0SQSC,20700/988,12.0,83.0,61.0,697,52.0
540,https://www.maxongroup.com/maxon/view/product/gear/planetary/GPX/GPX52/GPX52-2-Stufig-LN/GPX52LNKLSL26D0SQSC,19800/760,12.0,83.0,61.0,704,52.0
541,https://www.maxongroup.com/maxon/view/product/gear/planetary/GPX/GPX52/GPX52-2-Stufig-LN/GPX52LNKLSL28D0SQSC,19044/676,12.0,83.0,61.0,705,52.0
542,https://www.maxongroup.com/maxon/view/product/gear/planetary/GPX/GPX52/GPX52-2-Stufig-LN/GPX52LNKLSL35D0SQSC,18216/520,12.0,83.0,61.0,712,52.0
543,https://www.maxongroup.com/maxon/view/product/gear/planetary/GPX/GPX52/GPX52-2-Stufig-LN/GPX52LNKLSL44D0SQSC,17424/400,12.0,83.0,61.0,704,52.0
544,https://www.maxongroup.com/maxon/view/product/gear/planetary/GPX/GPX52/GPX52-3-Stufig-LN/GPX52LNKLSL62D0SQSC,3375000/54872,24.0,78.0,78.0,960,52.0
545,https://www.maxongroup.com/maxon/view/product/gear/planetary/GPX/GPX52/GPX52-3-Stufig-LN/GPX52LNKLSL83D0SQSC,3105000/37544,24.0,78.0,78.0,971,52.0
546,https://www.maxongroup.com/maxon/view/product/gear/planetary/GPX/GPX52/GPX52-3-Stufig-LN/GPX52LNPSKLSL0103SQSC,297000/28880,24.0,89.0,78.0,903,52.0
547,https://www.maxongroup.com/maxon/view/product/gear/planetary/GPX/GPX52/GPX52-3-Stufig-LN/GPX52LNPSKLSL0172SQSC,2613600/15200,24.0,89.0,78.0,915,52.0
548,https://www.maxongroup.com/maxon/view/product/gear/planetary/GPX/GPX52/GPX52-1-Stufig-LN/GPX52LNPSKLSL03D9SQSC,150/38,4.0,95.0,44.0,507,52.0
549,https://www.maxongroup.com/maxon/view/product/gear/planetary/GPX/GPX52/GPX52-1-Stufig-LN/GPX52LNPSKLSL06D6SQSC,132/20,4.0,95.0,44.0,508,52.0
550,https://www.maxongroup.com/maxon/view/product/gear/planetary/GPX/GPX52/GPX52-2-Stufig-LN/GPX52LNPSKLSL16D0SQSC,22500/1444,12.0,92.0,61.0,670,52.0
551,https://www.maxongroup.com/maxon/view/product/gear/planetary/GPX/GPX52/GPX52-2-Stufig-LN/GPX52LNPSKLSL26D0SQSC,19800/760,12.0,92.0,61.0,673,52.0
552,https://www.maxongroup.com/maxon/view/product/gear/planetary/GPX/GPX52/GPX52-2-Stufig-LN/GPX52LNPSKLSL44D0SQSC,17424/400,12.0,92.0,61.0,683,52.0
553,https://www.maxongroup.com/maxon/view/product/gear/planetary/GPX/GPX52/GPX52-3-Stufig-LN/GPX52LNPSKLSL62D0SQSC,3375000/54872,24.0,89.0,78.0,899,52.0
554,https://www.maxongroup.com/maxon/view/product/gear/planetary/GPX/GPX52/GPX52-3-Stufig-UP/GPX52UPKLSL0103SQSC,2970000/28880,45.0,89.0,78.0,926,52.0
555,https://www.maxongroup.com/maxon/view/product/gear/planetary/GPX/GPX52/GPX52-3-Stufig-UP/GPX52UPKLSL0172SQSC,2613600/15200,45.0,89.0,78.0,926,52.0
556,https://www.maxongroup.com/maxon/view/product/gear/planetary/GPX/GPX52/GPX52-1-Stufig-UP/GPX52UPKLSL03D9SQSC,150/38,7.5,95.0,43.5,534,52.0
557,https://www.maxongroup.com/maxon/view/product/gear/planetary/GPX/GPX52/GPX52-1-Stufig-UP/GPX52UPKLSL06D6SQSC,132/20,7.5,95.0,43.5,546,52.0
558,https://www.maxongroup.com/maxon/view/product/gear/planetary/GPX/GPX52/GPX52-2-Stufig-UP/GPX52UPKLSL16D0SQSC,22500/1444,22.5,92.0,60.5,695,52.0
559,https://www.maxongroup.com/maxon/view/product/gear/planetary/GPX/GPX52/GPX52-2-Stufig-UP/GPX52UPKLSL26D0SQSC,19800/760,22.5,92.0,60.5,702,52.0
560,https://www.maxongroup.com/maxon/view/product/gear/planetary/GPX/GPX52/GPX52-2-Stufig-UP/GPX52UPKLSL44D0SQSC,17424/400,22.5,92.0,60.5,714,52.0
561,https://www.maxongroup.com/maxon/view/product/gear/planetary/GPX/GPX52/GPX52-3-Stufig-UP/GPX52UPKLSL62D0SQSC,3375000/54872,45.0,89.0,78.0,908,52.0
562,https://www.maxongroup.com/maxon/view/product/gear/planetary/GPX/GPX70/GPX70-1-Stufig-A/GPX70AAKLSL03D9SQSC,150/38,10.0,96.0,58.0,993,70.0
563,https://www.maxongroup.com/maxon/view/product/gear/planetary/GPX/GPX70/GPX70-1-Stufig-A/GPX70AAKLSL06D6SQSC,132/20,10.0,96.0,58.0,961,70.0
564,https://www.maxongroup.com/maxon/view/product/gear/planetary/GPX/GPX70/GPX70-2-Stufig-A/GPX70AAKLSL16D0SQSC,22500/1444,30.0,92.0,80.0,1351,70.0
565,https://www.maxongroup.com/maxon/view/product/gear/planetary/GPX/GPX70/GPX70-2-Stufig-A/GPX70AAKLSL26D0SQSC,19800/760,30.0,92.0,80.0,1399,70.0
566,https://www.maxongroup.com/maxon/view/product/gear/planetary/GPX/GPX70/GPX70-2-Stufig-A/GPX70AAKLSL44D0SQSC,17424/400,30.0,92.0,80.0,1342,70.0
567,https://www.maxongroup.com/maxon/view/product/gear/planetary/GPX/GPX70/GPX70-1-Stufig-LN/GPX70LNPSKLSL03D9SQSC,150/38,8.0,96.0,58.0,924,70.0
568,https://www.maxongroup.com/maxon/view/product/gear/planetary/GPX/GPX70/GPX70-1-Stufig-LN/GPX70LNPSKLSL06D6SQSC,132/20,8.0,96.0,58.0,882,70.0
569,https://www.maxongroup.com/maxon/view/product/gear/planetary/GPX/GPX70/GPX70-2-Stufig-LN/GPX70LNPSKLSL16D0SQSC,22500/1444,27.0,92.0,80.0,1282,70.0
570,https://www.maxongroup.com/maxon/view/product/gear/planetary/GPX/GPX70/GPX70-2-Stufig-LN/GPX70LNPSKLSL26D0SQSC,19800/760,27.0,92.0,80.0,1330,70.0
571,https://www.maxongroup.com/maxon/view/product/gear/planetary/GPX/GPX70/GPX70-2-Stufig-LN/GPX70LNPSKLSL44D0SQSC,17424/400,27.0,92.0,80.0,1262,70.0
572,https://www.maxongroup.com/maxon/view/product/gear/planetary/GPX/GPX70/GPX70-1-Stufig-UP/GPX70UPKLSL03D9SQSC,150/38,15.0,96.0,58.0,1001,70.0
573,https://www.maxongroup.com/maxon/view/product/gear/planetary/GPX/GPX70/GPX70-1-Stufig-UP/GPX70UPKLSL06D6SQSC,132/20,15.0,96.0,58.0,970,70.0
574,https://www.maxongroup.com/maxon/view/product/gear/planetary/GPX/GPX70/GPX70-2-Stufig-UP/GPX70UPKLSL16D0SQSC,22500/1444,70.0,92.0,80.0,1377,70.0
575,https://www.maxongroup.com/maxon/view/product/gear/planetary/GPX/GPX70/GPX70-2-Stufig-UP/GPX70UPKLSL26D0SQSC,19800/760,70.0,92.0,80.0,1425,70.0
576,https://www.maxongroup.com/maxon/view/product/gear/planetary/GPX/GPX70/GPX70-2-Stufig-UP/GPX70UPKLSL44D0SQSC,17424/400,70.0,92.0,80.0,1365,70.0
577,https://www.maxongroup.com/maxon/view/product/gear/planetary/gp22/110337,57/13,0.5,84.0,22.6,42,22.0
578,https://www.maxongroup.com/maxon/view/product/gear/planetary/gp22/110338,3249/169,0.5,70.0,29.4,55,22.0
579,https://www.maxongroup.com/maxon/view/product/gear/planetary/gp22/110341,601692057/371293,1.0,42.0,49.8,94,22.0
580,https://www.maxongroup.com/maxon/view/product/gear/planetary/gp16/118184,27/5,0.1,90.0,15.5,20,16.0
581,https://www.maxongroup.com/maxon/view/product/gear/planetary/gp16/118185,729/25,0.15,81.0,19.1,23,16.0
582,https://www.maxongroup.com/maxon/view/product/gear/planetary/gp16/118186,19683/125,0.2,73.0,22.7,27,16.0
583,https://www.maxongroup.com/maxon/view/product/gear/planetary/gp16/118187,531441/625,0.25,65.0,26.3,31,16.0
584,https://www.maxongroup.com/maxon/view/product/gear/planetary/gp16/118188,14348907/3125,0.3,59.0,29.9,35,16.0
585,https://www.maxongroup.com/maxon/view/product/gear/planetary/gp22/134156,15/4,0.5,84.0,22.6,42,22.0
586,https://www.maxongroup.com/maxon/view/product/gear/planetary/gp22/134157,27/5,0.5,84.0,22.6,42,22.0
587,https://www.maxongroup.com/maxon/view/product/gear/planetary/gp22/134159,855/52,0.5,70.0,29.4,55,22.0
588,https://www.maxongroup.com/maxon/view/product/gear/planetary/gp22/134160,81/4,0.5,70.0,29.4,55,22.0
589,https://www.maxongroup.com/maxon/view/product/gear/planetary/gp22/134161,1539/65,0.5,70.0,29.4,55,22.0
590,https://www.maxongroup.com/maxon/view/product/gear/planetary/gp22/134162,729/25,0.5,70.0,29.4,55,22.0
591,https://www.maxongroup.com/maxon/view/product/gear/planetary/gp22/134163,3375/64,0.8,59.0,36.2,68,22.0
592,https://www.maxongroup.com/maxon/view/product/gear/planetary/gp22/134164,12825/208,0.8,59.0,36.2,68,22.0
593,https://www.maxongroup.com/maxon/view/product/gear/planetary/gp22/134165,48735/676,0.8,59.0,36.2,68,22.0
594,https://www.maxongroup.com/maxon/view/product/gear/planetary/gp22/134166,1215/16,0.8,59.0,36.2,68,22.0
595,https://www.maxongroup.com/maxon/view/product/gear/planetary/gp22/134167,4617/52,0.8,59.0,36.2,68,22.0
596,https://www.maxongroup.com/maxon/view/product/gear/planetary/gp22/134168,87723/845,0.8,59.0,36.2,68,22.0
597,https://www.maxongroup.com/maxon/view/product/gear/planetary/gp22/134169,2187/20,0.8,59.0,36.2,68,22.0
598,https://www.maxongroup.com/maxon/view/product/gear/planetary/gp22/134171,19683/125,0.8,59.0,36.2,68,22.0
599,https://www.maxongroup.com/maxon/view/product/gear/planetary/gp22/134172,50625/256,1.0,49.0,43.0,81,22.0
600,https://www.maxongroup.com/maxon/view/product/gear/planetary/gp22/134173,192375/832,1.0,49.0,43.0,81,22.0
601,https://www.maxongroup.com/maxon/view/product/gear/planetary/gp22/134174,731025/2704,1.0,49.0,43.0,81,22.0
602,https://www.maxongroup.com/maxon/view/product/gear/planetary/gp22/134175,2777895/8788,1.0,49.0,43.0,81,22.0
603,https://www.maxongroup.com/maxon/view/product/gear/planetary/gp22/134176,18225/64,1.0,49.0,43.0,81,22.0
604,https://www.maxongroup.com/maxon/view/product/gear/planetary/gp22/134177,69255/208,1.0,49.0,43.0,81,22.0
605,https://www.maxongroup.com/maxon/view/product/gear/planetary/gp22/134178,263169/676,1.0,49.0,43.0,81,22.0
606,https://www.maxongroup.com/maxon/view/product/gear/planetary/gp22/134179,5000211/10985,1.0,49.0,43.0,81,22.0
607,https://www.maxongroup.com/maxon/view/product/gear/planetary/gp22/134180,6561/16,1.0,49.0,43.0,81,22.0
608,https://www.maxongroup.com/maxon/view/product/gear/planetary/gp22/134181,124659/260,1.0,49.0,43.0,81,22.0
609,https://www.maxongroup.com/maxon/view/product/gear/planetary/gp22/134182,2368521/4225,1.0,49.0,43.0,81,22.0
610,https://www.maxongroup.com/maxon/view/product/gear/planetary/gp22/134183,59049/100,1.0,49.0,43.0,81,22.0
611,https://www.maxongroup.com/maxon/view/product/gear/planetary/gp22/134184,1121931/1625,1.0,49.0,43.0,81,22.0
612,https://www.maxongroup.com/maxon/view/product/gear/planetary/gp22/134185,531441/625,1.0,49.0,43.0,81,22.0
613,https://www.maxongroup.com/maxon/view/product/gear/planetary/gp22/134186,759375/1024,1.0,42.0,49.8,94,22.0
614,https://www.maxongroup.com/maxon/view/product/gear/planetary/gp22/134187,2885625/3328,1.0,42.0,49.8,94,22.0
615,https://www.maxongroup.com/maxon/view/product/gear/planetary/gp22/134188,10965375/10816,1.0,42.0,49.8,94,22.0
616,https://www.maxongroup.com/maxon/view/product/gear/planetary/gp22/134189,41668425/35152,1.0,42.0,49.8,94,22.0
617,https://www.maxongroup.com/maxon/view/product/gear/planetary/gp22/134190,158340015/114244,1.0,42.0,49.8,94,22.0
618,https://www.maxongroup.com/maxon/view/product/gear/planetary/gp22/134191,273375/256,1.0,42.0,49.8,94,22.0
619,https://www.maxongroup.com/maxon/view/product/gear/planetary/gp22/134192,1038825/832,1.0,42.0,49.8,94,22.0
620,https://www.maxongroup.com/maxon/view/product/gear/planetary/gp22/134193,3947535/2704,1.0,42.0,49.8,94,22.0
621,https://www.maxongroup.com/maxon/view/product/gear/planetary/gp22/134194,15000633/8788,1.0,42.0,49.8,94,22.0
622,https://www.maxongroup.com/maxon/view/product/gear/planetary/gp22/134195,285012027/142805,1.0,42.0,49.8,94,22.0
623,https://www.maxongroup.com/maxon/view/product/gear/planetary/gp22/134196,98415/64,1.0,42.0,49.8,94,22.0
624,https://www.maxongroup.com/maxon/view/product/gear/planetary/gp22/134197,373977/208,1.0,42.0,49.8,94,22.0
625,https://www.maxongroup.com/maxon/view/product/gear/planetary/gp22/134198,7105563/3380,1.0,42.0,49.8,94,22.0
626,https://www.maxongroup.com/maxon/view/product/gear/planetary/gp22/134199,135005697/54925,1.0,42.0,49.8,94,22.0
627,https://www.maxongroup.com/maxon/view/product/gear/planetary/gp22/134200,177147/80,1.0,42.0,49.8,94,22.0
628,https://www.maxongroup.com/maxon/view/product/gear/planetary/gp22/134201,3365793/1300,1.0,42.0,49.8,94,22.0
629,https://www.maxongroup.com/maxon/view/product/gear/planetary/gp22/134202,63950067/21125,1.0,42.0,49.8,94,22.0
630,https://www.maxongroup.com/maxon/view/product/gear/planetary/gp22/134203,1594323/500,1.0,42.0,49.8,94,22.0
631,https://www.maxongroup.com/maxon/view/product/gear/planetary/gp22/134204,30292137/8125,1.0,42.0,49.8,94,22.0
632,https://www.maxongroup.com/maxon/view/product/gear/planetary/gp22/134205,14348907/3125,1.0,42.0,49.8,94,22.0
633,https://www.maxongroup.com/maxon/view/product/gear/planetary/gp16/134777,1539/65,0.15,81.0,19.1,23,16.0
634,https://www.maxongroup.com/maxon/view/product/gear/planetary/gp16/134778,87723/845,0.2,73.0,22.7,27,16.0
635,https://www.maxongroup.com/maxon/view/product/gear/planetary/gp16/134779,41553/325,0.2,73.0,22.7,27,16.0
636,https://www.maxongroup.com/maxon/view/product/gear/planetary/gp16/134780,5000211/10985,0.25,65.0,26.3,31,16.0
637,https://www.maxongroup.com/maxon/view/product/gear/planetary/gp16/134781,2368521/4225,0.25,65.0,26.3,31,16.0
638,https://www.maxongroup.com/maxon/view/product/gear/planetary/gp16/134782,1121931/1625,0.25,65.0,26.3,31,16.0
639,https://www.maxongroup.com/maxon/view/product/gear/planetary/gp16/134783,285012027/142805,0.3,59.0,29.9,35,16.0
640,https://www.maxongroup.com/maxon/view/product/gear/planetary/gp16/134784,135005697/54925,0.3,59.0,29.9,35,16.0
641,https://www.maxongroup.com/maxon/view/product/gear/planetary/gp16/134785,63950067/21125,0.3,59.0,29.9,35,16.0
642,https://www.maxongroup.com/maxon/view/product/gear/planetary/gp16/134786,30292137/8125,0.3,59.0,29.9,35,16.0
643,https://www.maxongroup.com/maxon/view/product/gear/planetary/gp16/138333,57/13,0.1,90.0,15.5,20,16.0
644,https://www.maxongroup.com/maxon/view/product/gear/planetary/gp16/138334,27/5,0.1,90.0,15.5,20,16.0
645,https://www.maxongroup.com/maxon/view/product/gear/planetary/gp16/138335,3249/169,0.15,81.0,19.1,23,16.0
646,https://www.maxongroup.com/maxon/view/product/gear/planetary/gp16/138336,1539/65,0.15,81.0,19.1,23,16.0
647,https://www.maxongroup.com/maxon/view/product/gear/planetary/gp16/138337,729/25,0.15,81.0,19.1,23,16.0
648,https://www.maxongroup.com/maxon/view/product/gear/planetary/gp16/138338,185193/2197,0.2,73.0,22.7,27,16.0
649,https://www.maxongroup.com/maxon/view/product/gear/planetary/gp16/138339,87723/845,0.2,73.0,22.7,27,16.0
650,https://www.maxongroup.com/maxon/view/product/gear/planetary/gp16/138340,41553/325,0.2,73.0,22.7,27,16.0
651,https://www.maxongroup.com/maxon/view/product/gear/planetary/gp16/138341,19683/125,0.2,73.0,22.7,27,16.0
652,https://www.maxongroup.com/maxon/view/product/gear/planetary/gp16/138342,29198/79,0.25,65.0,26.3,31,16.0
653,https://www.maxongroup.com/maxon/view/product/gear/planetary/gp16/138343,1701938/3739,0.25,65.0,26.3,31,16.0
654,https://www.maxongroup.com/maxon/view/product/gear/planetary/gp16/138344,2368521/4225,0.25,65.0,26.3,31,16.0
655,https://www.maxongroup.com/maxon/view/product/gear/planetary/gp16/138345,1121931/1625,0.25,65.0,26.3,31,16.0
656,https://www.maxongroup.com/maxon/view/product/gear/planetary/gp16/138346,531441/625,0.25,65.0,26.3,31,16.0
657,https://www.maxongroup.com/maxon/view/product/gear/planetary/gp16/138347,10573969/6525,0.3,59.0,29.9,35,16.0
658,https://www.maxongroup.com/maxon/view/product/gear/planetary/gp16/138348,14755043/7393,0.3,59.0,29.9,35,16.0
659,https://www.maxongroup.com/maxon/view/product/gear/planetary/gp16/138349,22979850/9349,0.3,59.0,29.9,35,16.0
660,https://www.maxongroup.com/maxon/view/product/gear/planetary/gp16/138350,20348987/6722,0.3,59.0,29.9,35,16.0
661,https://www.maxongroup.com/maxon/view/product/gear/planetary/gp16/138351,30292137/8125,0.3,59.0,29.9,35,16.0
662,https://www.maxongroup.com/maxon/view/product/gear/planetary/gp16/138352,14348907/3125,0.3,59.0,29.9,35,16.0
663,https://www.maxongroup.com/maxon/view/product/gear/planetary/gp22/143971,15/4,0.5,84.0,25.4,42,22.0
664,https://www.maxongroup.com/maxon/view/product/gear/planetary/gp22/143972,57/13,0.5,84.0,25.4,42,22.0
665,https://www.maxongroup.com/maxon/view/product/gear/planetary/gp22/143973,27/5,0.5,84.0,25.4,42,22.0
666,https://www.maxongroup.com/maxon/view/product/gear/planetary/gp22/143975,855/52,0.6,70.0,32.2,55,22.0
667,https://www.maxongroup.com/maxon/view/product/gear/planetary/gp22/143976,3249/169,0.6,70.0,32.2,55,22.0
668,https://www.maxongroup.com/maxon/view/product/gear/planetary/gp22/143977,81/4,0.6,70.0,32.2,55,22.0
669,https://www.maxongroup.com/maxon/view/product/gear/planetary/gp22/143978,1539/65,0.6,70.0,32.2,55,22.0
670,https://www.maxongroup.com/maxon/view/product/gear/planetary/gp22/143979,729/25,0.6,70.0,32.2,55,22.0
671,https://www.maxongroup.com/maxon/view/product/gear/planetary/gp22/143980,3375/64,1.2,59.0,39.0,68,22.0
672,https://www.maxongroup.com/maxon/view/product/gear/planetary/gp22/143981,12825/208,1.2,59.0,39.0,68,22.0
673,https://www.maxongroup.com/maxon/view/product/gear/planetary/gp22/143982,48735/676,1.2,59.0,39.0,68,22.0
674,https://www.maxongroup.com/maxon/view/product/gear/planetary/gp22/143983,1215/16,1.2,59.0,39.0,68,22.0
675,https://www.maxongroup.com/maxon/view/product/gear/planetary/gp22/143985,4617/52,1.2,59.0,39.0,68,22.0
676,https://www.maxongroup.com/maxon/view/product/gear/planetary/gp22/143986,87723/845,1.2,59.0,39.0,68,22.0
677,https://www.maxongroup.com/maxon/view/product/gear/planetary/gp22/143987,2187/20,1.2,59.0,39.0,68,22.0
678,https://www.maxongroup.com/maxon/view/product/gear/planetary/gp22/143989,19683/125,1.2,59.0,39.0,68,22.0
679,https://www.maxongroup.com/maxon/view/product/gear/planetary/gp22/143990,50625/256,1.8,49.0,45.8,81,22.0
680,https://www.maxongroup.com/maxon/view/product/gear/planetary/gp22/143991,192375/832,1.8,49.0,45.8,81,22.0
681,https://www.maxongroup.com/maxon/view/product/gear/planetary/gp22/143992,731025/2704,1.8,49.0,45.8,81,22.0
682,https://www.maxongroup.com/maxon/view/product/gear/planetary/gp22/143993,18225/64,1.8,49.0,45.8,81,22.0
683,https://www.maxongroup.com/maxon/view/product/gear/planetary/gp22/143994,2777895/8788,1.8,49.0,45.8,81,22.0
684,https://www.maxongroup.com/maxon/view/product/gear/planetary/gp22/143995,69255/208,1.8,49.0,45.8,81,22.0
685,https://www.maxongroup.com/maxon/view/product/gear/planetary/gp22/143997,263169/676,1.8,49.0,45.8,81,22.0
686,https://www.maxongroup.com/maxon/view/product/gear/planetary/gp22/143998,6561/16,1.8,49.0,45.8,81,22.0
687,https://www.maxongroup.com/maxon/view/product/gear/planetary/gp22/143999,5000211/10985,1.8,49.0,45.8,81,22.0
688,https://www.maxongroup.com/maxon/view/product/gear/planetary/gp22/144000,124659/260,1.8,49.0,45.8,81,22.0
689,https://www.maxongroup.com/maxon/view/product/gear/planetary/gp22/144001,2368521/4225,1.8,49.0,45.8,81,22.0
690,https://www.maxongroup.com/maxon/view/product/gear/planetary/gp22/144002,59049/100,1.8,49.0,45.8,81,22.0
691,https://www.maxongroup.com/maxon/view/product/gear/planetary/gp22/144003,1121931/1625,1.8,49.0,45.8,81,22.0
692,https://www.maxongroup.com/maxon/view/product/gear/planetary/gp22/144004,759375/1024,2.0,42.0,52.6,94,22.0
693,https://www.maxongroup.com/maxon/view/product/gear/planetary/gp22/144005,531441/625,1.8,49.0,45.8,81,22.0
694,https://www.maxongroup.com/maxon/view/product/gear/planetary/gp22/144006,2885625/3328,2.0,42.0,52.6,94,22.0
695,https://www.maxongroup.com/maxon/view/product/gear/planetary/gp22/144007,10965375/10816,2.0,42.0,52.6,94,22.0
696,https://www.maxongroup.com/maxon/view/product/gear/planetary/gp22/144008,273375/256,2.0,42.0,52.6,94,22.0
697,https://www.maxongroup.com/maxon/view/product/gear/planetary/gp22/144009,41668425/35152,2.0,42.0,52.6,94,22.0
698,https://www.maxongroup.com/maxon/view/product/gear/planetary/gp22/144010,1038825/832,2.0,42.0,52.6,94,22.0
699,https://www.maxongroup.com/maxon/view/product/gear/planetary/gp22/144011,158340015/114244,2.0,42.0,52.6,94,22.0
700,https://www.maxongroup.com/maxon/view/product/gear/planetary/gp22/144012,3947535/2704,2.0,42.0,52.6,94,22.0
701,https://www.maxongroup.com/maxon/view/product/gear/planetary/gp22/144013,98415/64,2.0,42.0,52.6,94,22.0
702,https://www.maxongroup.com/maxon/view/product/gear/planetary/gp22/144014,601692057/371293,2.0,42.0,52.6,94,22.0
703,https://www.maxongroup.com/maxon/view/product/gear/planetary/gp22/144015,15000633/8788,2.0,42.0,52.6,94,22.0
704,https://www.maxongroup.com/maxon/view/product/gear/planetary/gp22/144016,373977/208,2.0,42.0,52.6,94,22.0
705,https://www.maxongroup.com/maxon/view/product/gear/planetary/gp22/144017,285012027/142805,2.0,42.0,52.6,94,22.0
706,https://www.maxongroup.com/maxon/view/product/gear/planetary/gp22/144018,7105563/3380,2.0,42.0,52.6,94,22.0
707,https://www.maxongroup.com/maxon/view/product/gear/planetary/gp22/144019,177147/80,2.0,42.0,52.6,94,22.0
708,https://www.maxongroup.com/maxon/view/product/gear/planetary/gp22/144020,135005697/54925,2.0,42.0,52.6,94,22.0
709,https://www.maxongroup.com/maxon/view/product/gear/planetary/gp22/144021,3365793/1300,2.0,42.0,52.6,94,22.0
710,https://www.maxongroup.com/maxon/view/product/gear/planetary/gp22/144022,63950067/21125,2.0,42.0,52.6,94,22.0
711,https://www.maxongroup.com/maxon/view/product/gear/planetary/gp22/144023,1594323/500,2.0,42.0,52.6,94,22.0
712,https://www.maxongroup.com/maxon/view/product/gear/planetary/gp22/144024,30292137/8125,2.0,42.0,52.6,94,22.0
713,https://www.maxongroup.com/maxon/view/product/gear/planetary/gp22/144025,14348907/3125,2.0,42.0,52.6,94,22.0
714,https://www.maxongroup.com/maxon/view/product/gear/planetary/gp32/166155,26/7,0.75,80.0,26.5,118,32.0
715,https://www.maxongroup.com/maxon/view/product/gear/planetary/gp32/166156,24/5,0.75,80.0,26.5,118,32.0
716,https://www.maxongroup.com/maxon/view/product/gear/planetary/gp32/166157,23/4,0.75,80.0,26.5,118,32.0
717,https://www.maxongroup.com/maxon/view/product/gear/planetary/gp32/166158,676/49,2.25,75.0,36.4,162,32.0
718,https://www.maxongroup.com/maxon/view/product/gear/planetary/gp32/166160,299/14,2.25,75.0,36.4,162,32.0
719,https://www.maxongroup.com/maxon/view/product/gear/planetary/gp32/166161,576/25,2.25,75.0,36.4,162,32.0
720,https://www.maxongroup.com/maxon/view/product/gear/planetary/gp32/166162,138/5,2.25,75.0,36.4,162,32.0
721,https://www.maxongroup.com/maxon/view/product/gear/planetary/gp32/166163,529/16,2.25,75.0,36.4,162,32.0
722,https://www.maxongroup.com/maxon/view/product/gear/planetary/gp32/166164,17576/343,4.5,70.0,43.1,194,32.0
723,https://www.maxongroup.com/maxon/view/product/gear/planetary/gp32/166166,3887/49,4.5,70.0,43.1,194,32.0
724,https://www.maxongroup.com/maxon/view/product/gear/planetary/gp32/166167,14976/175,4.5,70.0,43.1,194,32.0
725,https://www.maxongroup.com/maxon/view/product/gear/planetary/gp32/166168,3588/35,4.5,70.0,43.1,194,32.0
726,https://www.maxongroup.com/maxon/view/product/gear/planetary/gp32/166170,6877/56,4.5,70.0,43.1,194,32.0
727,https://www.maxongroup.com/maxon/view/product/gear/planetary/gp32/166171,3312/25,4.5,70.0,43.1,194,32.0
728,https://www.maxongroup.com/maxon/view/product/gear/planetary/gp32/166172,1587/10,4.5,70.0,43.1,194,32.0
729,https://www.maxongroup.com/maxon/view/product/gear/planetary/gp32/166173,12167/64,4.5,70.0,43.1,194,32.0
730,https://www.maxongroup.com/maxon/view/product/gear/planetary/gp32/166175,101062/343,4.5,60.0,49.8,226,32.0
731,https://www.maxongroup.com/maxon/view/product/gear/planetary/gp32/166176,389376/1225,4.5,60.0,49.8,226,32.0
732,https://www.maxongroup.com/maxon/view/product/gear/planetary/gp32/166177,359424/875,4.5,60.0,49.8,226,32.0
733,https://www.maxongroup.com/maxon/view/product/gear/planetary/gp32/166178,89401/196,4.5,60.0,49.8,226,32.0
734,https://www.maxongroup.com/maxon/view/product/gear/planetary/gp32/166179,86112/175,4.5,60.0,49.8,226,32.0
735,https://www.maxongroup.com/maxon/view/product/gear/planetary/gp32/166180,331776/625,4.5,60.0,49.8,226,32.0
736,https://www.maxongroup.com/maxon/view/product/gear/planetary/gp32/166181,20631/35,4.5,60.0,49.8,226,32.0
737,https://www.maxongroup.com/maxon/view/product/gear/planetary/gp32/166182,79488/125,4.5,60.0,49.8,226,32.0
738,https://www.maxongroup.com/maxon/view/product/gear/planetary/gp32/166183,158171/224,4.5,60.0,49.8,226,32.0
739,https://www.maxongroup.com/maxon/view/product/gear/planetary/gp32/166184,19044/25,4.5,60.0,49.8,226,32.0
740,https://www.maxongroup.com/maxon/view/product/gear/planetary/gp32/166185,36501/40,4.5,60.0,49.8,226,32.0
741,https://www.maxongroup.com/maxon/view/product/gear/planetary/gp32/166186,279841/256,4.5,60.0,49.8,226,32.0
742,https://www.maxongroup.com/maxon/view/product/gear/planetary/gp32/166187,10123776/8575,4.5,50.0,56.5,258,32.0
743,https://www.maxongroup.com/maxon/view/product/gear/planetary/gp32/166188,2425488/1715,4.5,50.0,56.5,258,32.0
744,https://www.maxongroup.com/maxon/view/product/gear/planetary/gp32/166189,9345024/6125,4.5,50.0,56.5,258,32.0
745,https://www.maxongroup.com/maxon/view/product/gear/planetary/gp32/166190,1162213/686,4.5,50.0,56.5,258,32.0
746,https://www.maxongroup.com/maxon/view/product/gear/planetary/gp32/166191,2238912/1225,4.5,50.0,56.5,258,32.0
747,https://www.maxongroup.com/maxon/view/product/gear/planetary/gp32/166192,8626176/4375,4.5,50.0,56.5,258,32.0
748,https://www.maxongroup.com/maxon/view/product/gear/planetary/gp32/166193,536406/245,4.5,50.0,56.5,258,32.0
749,https://www.maxongroup.com/maxon/view/product/gear/planetary/gp32/166194,2066688/875,4.5,50.0,56.5,258,32.0
750,https://www.maxongroup.com/maxon/view/product/gear/planetary/gp32/166195,7962624/3125,4.5,50.0,56.5,258,32.0
751,https://www.maxongroup.com/maxon/view/product/gear/planetary/gp32/166196,2056223/784,4.5,50.0,56.5,258,32.0
752,https://www.maxongroup.com/maxon/view/product/gear/planetary/gp32/166197,495144/175,4.5,50.0,56.5,258,32.0
753,https://www.maxongroup.com/maxon/view/product/gear/planetary/gp32/166198,1907712/625,4.5,50.0,56.5,258,32.0
754,https://www.maxongroup.com/maxon/view/product/gear/planetary/gp32/166199,474513/140,4.5,50.0,56.5,258,32.0
755,https://www.maxongroup.com/maxon/view/product/gear/planetary/gp32/166200,457056/125,4.5,50.0,56.5,258,32.0
756,https://www.maxongroup.com/maxon/view/product/gear/planetary/gp32/166201,3637933/896,4.5,50.0,56.5,258,32.0
757,https://www.maxongroup.com/maxon/view/product/gear/planetary/gp32/166202,109503/25,4.5,50.0,56.5,258,32.0
758,https://www.maxongroup.com/maxon/view/product/gear/planetary/gp32/166203,839523/160,4.5,50.0,56.5,258,32.0
759,https://www.maxongroup.com/maxon/view/product/gear/planetary/gp32/166204,6436343/1024,4.5,50.0,56.5,258,32.0
760,https://www.maxongroup.com/maxon/view/product/gear/planetary/gp32/166930,26/7,1.0,80.0,26.5,118,32.0
761,https://www.maxongroup.com/maxon/view/product/gear/planetary/gp32/166932,23/4,1.0,80.0,26.5,118,32.0
762,https://www.maxongroup.com/maxon/view/product/gear/planetary/gp32/166933,676/49,3.0,75.0,36.4,162,32.0
763,https://www.maxongroup.com/maxon/view/product/gear/planetary/gp32/166935,299/14,3.0,75.0,36.4,162,32.0
764,https://www.maxongroup.com/maxon/view/product/gear/planetary/gp32/166936,576/25,3.0,75.0,36.4,162,32.0
765,https://www.maxongroup.com/maxon/view/product/gear/planetary/gp32/166937,138/5,3.0,75.0,36.4,162,32.0
766,https://www.maxongroup.com/maxon/view/product/gear/planetary/gp32/166938,529/16,3.0,75.0,36.4,162,32.0
767,https://www.maxongroup.com/maxon/view/product/gear/planetary/gp32/166939,17576/343,6.0,70.0,43.1,194,32.0
768,https://www.maxongroup.com/maxon/view/product/gear/planetary/gp32/166941,3887/49,6.0,70.0,43.1,194,32.0
769,https://www.maxongroup.com/maxon/view/product/gear/planetary/gp32/166942,14976/175,6.0,70.0,43.1,194,32.0
770,https://www.maxongroup.com/maxon/view/product/gear/planetary/gp32/166943,3588/35,6.0,70.0,43.1,194,32.0
771,https://www.maxongroup.com/maxon/view/product/gear/planetary/gp32/166945,6877/56,6.0,70.0,43.1,194,32.0
772,https://www.maxongroup.com/maxon/view/product/gear/planetary/gp32/166946,3312/25,6.0,70.0,43.1,194,32.0
773,https://www.maxongroup.com/maxon/view/product/gear/planetary/gp32/166947,1587/10,6.0,70.0,43.1,194,32.0
774,https://www.maxongroup.com/maxon/view/product/gear/planetary/gp32/166948,12167/64,6.0,70.0,43.1,194,32.0
775,https://www.maxongroup.com/maxon/view/product/gear/planetary/gp32/166949,421824/1715,6.0,60.0,49.8,226,32.0
776,https://www.maxongroup.com/maxon/view/product/gear/planetary/gp32/166950,101062/343,6.0,60.0,49.8,226,32.0
777,https://www.maxongroup.com/maxon/view/product/gear/planetary/gp32/166952,359424/875,6.0,60.0,49.8,226,32.0
778,https://www.maxongroup.com/maxon/view/product/gear/planetary/gp32/166953,89401/196,6.0,60.0,49.8,226,32.0
779,https://www.maxongroup.com/maxon/view/product/gear/planetary/gp32/166954,86112/175,6.0,60.0,49.7,226,32.0
780,https://www.maxongroup.com/maxon/view/product/gear/planetary/gp32/166955,331776/625,6.0,60.0,49.8,226,32.0
781,https://www.maxongroup.com/maxon/view/product/gear/planetary/gp32/166956,20631/35,6.0,60.0,49.8,226,32.0
782,https://www.maxongroup.com/maxon/view/product/gear/planetary/gp32/166957,79488/125,6.0,60.0,49.8,226,32.0
783,https://www.maxongroup.com/maxon/view/product/gear/planetary/gp32/166958,158171/224,6.0,60.0,49.8,226,32.0
784,https://www.maxongroup.com/maxon/view/product/gear/planetary/gp32/166959,19044/25,6.0,60.0,49.8,226,32.0
785,https://www.maxongroup.com/maxon/view/product/gear/planetary/gp32/166960,36501/40,6.0,60.0,49.8,226,32.0
786,https://www.maxongroup.com/maxon/view/product/gear/planetary/gp32/166961,279841/256,6.0,60.0,49.8,226,32.0
787,https://www.maxongroup.com/maxon/view/product/gear/planetary/gp32/166962,10123776/8575,6.0,50.0,56.5,258,32.0
788,https://www.maxongroup.com/maxon/view/product/gear/planetary/gp32/166963,2425488/1715,6.0,50.0,56.5,258,32.0
789,https://www.maxongroup.com/maxon/view/product/gear/planetary/gp32/166964,9345024/6125,6.0,50.0,56.5,258,32.0
790,https://www.maxongroup.com/maxon/view/product/gear/planetary/gp32/166965,1162213/686,6.0,50.0,56.5,258,32.0
791,https://www.maxongroup.com/maxon/view/product/gear/planetary/gp32/166966,2238912/1225,6.0,50.0,56.5,258,32.0
792,https://www.maxongroup.com/maxon/view/product/gear/planetary/gp32/166967,8626176/4375,6.0,50.0,56.5,258,32.0
793,https://www.maxongroup.com/maxon/view/product/gear/planetary/gp32/166968,536406/245,6.0,50.0,56.5,258,32.0
794,https://www.maxongroup.com/maxon/view/product/gear/planetary/gp32/166969,2066688/875,6.0,50.0,56.5,258,32.0
795,https://www.maxongroup.com/maxon/view/product/gear/planetary/gp32/166970,7962624/3125,6.0,50.0,56.5,258,32.0
796,https://www.maxongroup.com/maxon/view/product/gear/planetary/gp32/166971,2056223/784,6.0,50.0,56.5,258,32.0
797,https://www.maxongroup.com/maxon/view/product/gear/planetary/gp32/166972,495144/175,6.0,50.0,56.5,258,32.0
798,https://www.maxongroup.com/maxon/view/product/gear/planetary/gp32/166973,1907712/625,6.0,50.0,56.4,258,32.0
799,https://www.maxongroup.com/maxon/view/product/gear/planetary/gp32/166974,474513/140,6.0,50.0,56.5,258,32.0
800,https://www.maxongroup.com/maxon/view/product/gear/planetary/gp32/166975,457056/125,6.0,50.0,56.5,258,32.0
801,https://www.maxongroup.com/maxon/view/product/gear/planetary/gp32/166976,3637933/896,6.0,50.0,56.5,258,32.0
802,https://www.maxongroup.com/maxon/view/product/gear/planetary/gp32/166977,109503/25,6.0,50.0,56.5,258,32.0
803,https://www.maxongroup.com/maxon/view/product/gear/planetary/gp32/166978,839523/160,6.0,50.0,56.5,258,32.0
804,https://www.maxongroup.com/maxon/view/product/gear/planetary/gp32/166979,6436343/1024,6.0,50.0,56.5,258,32.0
805,https://www.maxongroup.com/maxon/view/product/gear/planetary/gp42/203113,7/2,3.0,90.0,41.0,260,42.0
806,https://www.maxongroup.com/maxon/view/product/gear/planetary/gp42/203115,49/4,7.5,81.0,55.5,360,42.0
807,https://www.maxongroup.com/maxon/view/product/gear/planetary/gp42/203117,169/9,7.5,81.0,55.5,360,42.0
808,https://www.maxongroup.com/maxon/view/product/gear/planetary/gp42/203118,21/1,7.5,81.0,55.5,360,42.0
809,https://www.maxongroup.com/maxon/view/product/gear/planetary/gp42/203121,637/12,15.0,72.0,70.0,460,42.0
810,https://www.maxongroup.com/maxon/view/product/gear/planetary/gp42/203122,1183/18,15.0,72.0,70.0,460,42.0
811,https://www.maxongroup.com/maxon/view/product/gear/planetary/gp42/203123,147/2,15.0,72.0,70.0,460,42.0
812,https://www.maxongroup.com/maxon/view/product/gear/planetary/gp42/203124,2197/27,15.0,72.0,70.0,460,42.0
813,https://www.maxongroup.com/maxon/view/product/gear/planetary/gp42/203125,91/1,15.0,72.0,70.0,460,42.0
814,https://www.maxongroup.com/maxon/view/product/gear/planetary/gp42/203126,338/3,15.0,72.0,70.0,460,42.0
815,https://www.maxongroup.com/maxon/view/product/gear/planetary/gp42/203127,126/1,15.0,72.0,70.0,460,42.0
816,https://www.maxongroup.com/maxon/view/product/gear/planetary/gp42/203128,2401/16,15.0,64.0,84.5,560,42.0
817,https://www.maxongroup.com/maxon/view/product/gear/planetary/gp42/203130,4459/24,15.0,64.0,84.5,560,42.0
818,https://www.maxongroup.com/maxon/view/product/gear/planetary/gp42/203131,8281/36,15.0,64.0,84.5,560,42.0
819,https://www.maxongroup.com/maxon/view/product/gear/planetary/gp42/203132,1029/4,15.0,64.0,84.5,560,42.0
820,https://www.maxongroup.com/maxon/view/product/gear/planetary/gp42/203133,15379/54,15.0,64.0,84.5,560,42.0
821,https://www.maxongroup.com/maxon/view/product/gear/planetary/gp42/203134,637/2,15.0,64.0,84.5,560,42.0
822,https://www.maxongroup.com/maxon/view/product/gear/planetary/gp42/203135,28561/81,15.0,64.0,84.5,560,42.0
823,https://www.maxongroup.com/maxon/view/product/gear/planetary/gp42/203136,1183/3,15.0,64.0,84.5,560,42.0
824,https://www.maxongroup.com/maxon/view/product/gear/planetary/gp42/203137,441/1,15.0,64.0,84.5,560,42.0
825,https://www.maxongroup.com/maxon/view/product/gear/planetary/gp42/203138,4394/9,15.0,64.0,84.5,560,42.0
826,https://www.maxongroup.com/maxon/view/product/gear/planetary/gp42/203139,546/1,15.0,64.0,84.5,560,42.0
827,https://www.maxongroup.com/maxon/view/product/gear/planetary/gp42/203140,676/1,15.0,64.0,84.5,560,42.0
828,https://www.maxongroup.com/maxon/view/product/gear/planetary/gp42/203141,756/1,15.0,64.0,84.5,560,42.0
829,https://www.maxongroup.com/maxon/view/product/gear/planetary/gp42/203142,936/1,15.0,64.0,84.5,560,42.0
830,https://www.maxongroup.com/maxon/view/product/gear/planetary/gp52/223080,7/2,4.0,91.0,49.0,460,52.0
831,https://www.maxongroup.com/maxon/view/product/gear/planetary/gp52/223083,49/4,15.0,83.0,65.0,620,52.0
832,https://www.maxongroup.com/maxon/view/product/gear/planetary/gp52/223084,91/6,15.0,83.0,65.0,620,52.0
833,https://www.maxongroup.com/maxon/view/product/gear/planetary/gp52/223086,21/1,15.0,83.0,65.0,620,52.0
834,https://www.maxongroup.com/maxon/view/product/gear/planetary/gp52/223087,26/1,15.0,83.0,65.0,620,52.0
835,https://www.maxongroup.com/maxon/view/product/gear/planetary/gp52/223090,637/12,30.0,75.0,78.5,770,52.0
836,https://www.maxongroup.com/maxon/view/product/gear/planetary/gp52/223091,1183/18,30.0,75.0,78.5,770,52.0
837,https://www.maxongroup.com/maxon/view/product/gear/planetary/gp52/223092,147/2,30.0,75.0,78.5,770,52.0
838,https://www.maxongroup.com/maxon/view/product/gear/planetary/gp52/223094,91/1,30.0,75.0,78.5,770,52.0
839,https://www.maxongroup.com/maxon/view/product/gear/planetary/gp52/223095,338/3,30.0,75.0,78.5,770,52.0
840,https://www.maxongroup.com/maxon/view/product/gear/planetary/gp52/223096,126/1,30.0,75.0,78.5,770,52.0
841,https://www.maxongroup.com/maxon/view/product/gear/planetary/gp52/223097,150/1,30.0,68.0,92.0,920,52.0
842,https://www.maxongroup.com/maxon/view/product/gear/planetary/gp52/223098,156/1,30.0,75.0,78.5,770,52.0
843,https://www.maxongroup.com/maxon/view/product/gear/planetary/gp52/223099,4459/24,30.0,68.0,92.0,920,52.0
844,https://www.maxongroup.com/maxon/view/product/gear/planetary/gp52/223101,8281/36,30.0,68.0,92.0,920,52.0
845,https://www.maxongroup.com/maxon/view/product/gear/planetary/gp52/223102,1029/4,30.0,68.0,92.0,920,52.0
846,https://www.maxongroup.com/maxon/view/product/gear/planetary/gp52/223103,15379/54,30.0,68.0,92.0,920,52.0
847,https://www.maxongroup.com/maxon/view/product/gear/planetary/gp52/223104,637/2,30.0,68.0,92.0,920,52.0
848,https://www.maxongroup.com/maxon/view/product/gear/planetary/gp52/223105,28561/81,30.0,68.0,92.0,920,52.0
849,https://www.maxongroup.com/maxon/view/product/gear/planetary/gp52/223106,1183/3,30.0,68.0,92.0,920,52.0
850,https://www.maxongroup.com/maxon/view/product/gear/planetary/gp52/223107,441/1,30.0,68.0,92.0,920,52.0
851,https://www.maxongroup.com/maxon/view/product/gear/planetary/gp52/223108,4394/9,30.0,68.0,92.0,920,52.0
852,https://www.maxongroup.com/maxon/view/product/gear/planetary/gp52/223109,546/1,30.0,68.0,92.0,920,52.0
853,https://www.maxongroup.com/maxon/view/product/gear/planetary/gp52/223110,676/1,30.0,68.0,92.0,920,52.0
854,https://www.maxongroup.com/maxon/view/product/gear/planetary/gp52/223111,756/1,30.0,68.0,92.0,920,52.0
855,https://www.maxongroup.com/maxon/view/product/gear/planetary/gp52/223112,936/1,30.0,68.0,92.0,920,52.0
856,https://www.maxongroup.com/maxon/view/product/gear/planetary/gp42/260551,6/1,3.0,90.0,41.0,260,42.0
857,https://www.maxongroup.com/maxon/view/product/gear/planetary/gp42/260552,36/1,7.5,81.0,55.5,360,42.0
858,https://www.maxongroup.com/maxon/view/product/gear/planetary/gp42/260553,216/1,15.0,72.0,70.0,460,42.0
859,https://www.maxongroup.com/maxon/view/product/gear/planetary/gp42/260554,1296/1,15.0,64.0,84.5,560,42.0
860,https://www.maxongroup.com/maxon/view/product/gear/koax/354722,11/1,1.0,78.0,40.7,130,32.0
861,https://www.maxongroup.com/maxon/view/product/gear/koax/354723,17/1,1.0,72.0,40.7,130,32.0
862,https://www.maxongroup.com/maxon/view/product/gear/koax/354724,33/1,1.0,68.0,40.7,130,32.0
863,https://www.maxongroup.com/maxon/view/product/gear/koax/354725,286/7,3.5,70.0,57.9,230,32.0
864,https://www.maxongroup.com/maxon/view/product/gear/koax/354726,264/5,3.5,70.0,57.9,230,32.0
865,https://www.maxongroup.com/maxon/view/product/gear/koax/354727,442/7,3.5,70.0,57.9,230,32.0
866,https://www.maxongroup.com/maxon/view/product/gear/koax/354728,391/4,3.5,65.0,57.9,230,32.0
867,https://www.maxongroup.com/maxon/view/product/gear/koax/354729,858/7,3.5,61.0,57.9,230,32.0
868,https://www.maxongroup.com/maxon/view/product/gear/koax/354730,792/5,3.5,61.0,57.9,230,32.0
869,https://www.maxongroup.com/maxon/view/product/gear/koax/354731,7436/49,4.5,63.0,67.6,262,32.0
870,https://www.maxongroup.com/maxon/view/product/gear/koax/354732,6864/35,4.5,63.0,67.6,262,32.0
871,https://www.maxongroup.com/maxon/view/product/gear/koax/354733,11429/49,4.5,63.0,67.6,262,32.0
872,https://www.maxongroup.com/maxon/view/product/gear/koax/354734,6336/25,4.5,63.0,67.6,262,32.0
873,https://www.maxongroup.com/maxon/view/product/gear/koax/354735,1518/5,4.5,63.0,67.6,262,32.0
874,https://www.maxongroup.com/maxon/view/product/gear/koax/354736,5819/16,4.5,63.0,67.6,262,32.0
875,https://www.maxongroup.com/maxon/view/product/gear/koax/354737,9792/25,4.5,59.0,67.6,262,32.0
876,https://www.maxongroup.com/maxon/view/product/gear/koax/354738,22308/49,4.5,55.0,67.6,262,32.0
877,https://www.maxongroup.com/maxon/view/product/gear/koax/354739,20592/35,4.5,55.0,67.6,262,32.0
878,https://www.maxongroup.com/maxon/view/product/gear/koax/354740,19008/25,4.5,55.0,67.6,262,32.0
879,https://www.maxongroup.com/maxon/view/product/gear/koax/354741,4554/5,4.5,55.0,67.6,262,32.0
880,https://www.maxongroup.com/maxon/view/product/gear/koax/354742,17457/16,4.5,55.0,67.6,262,32.0
881,https://www.maxongroup.com/maxon/view/product/gear/koax/354744,759/4,3.5,61.0,57.9,230,32.0
882,https://www.maxongroup.com/maxon/view/product/gear/koax/354962,408/5,3.5,65.0,57.9,230,32.0
883,https://www.maxongroup.com/maxon/view/product/gear/koax/354963,9867/14,4.5,55.0,67.6,262,32.0
884,https://www.maxongroup.com/maxon/view/product/gear/planetary/gp22/370683,15/4,2.0,84.0,25.25,51,22.0
885,https://www.maxongroup.com/maxon/view/product/gear/planetary/gp22/370685,57/13,2.0,84.0,25.25,51,22.0
886,https://www.maxongroup.com/maxon/view/product/gear/planetary/gp22/370686,27/5,2.0,84.0,25.25,51,22.0
887,https://www.maxongroup.com/maxon/view/product/gear/planetary/gp22/370687,225/16,2.4,70.0,32.3,64,22.0
888,https://www.maxongroup.com/maxon/view/product/gear/planetary/gp22/370688,855/52,2.4,70.0,32.3,64,22.0
889,https://www.maxongroup.com/maxon/view/product/gear/planetary/gp22/370690,81/4,2.4,70.0,32.3,64,22.0
890,https://www.maxongroup.com/maxon/view/product/gear/planetary/gp22/370691,1539/65,2.4,70.0,32.3,64,22.0
891,https://www.maxongroup.com/maxon/view/product/gear/planetary/gp22/370692,729/25,2.4,70.0,32.3,64,22.0
892,https://www.maxongroup.com/maxon/view/product/gear/planetary/gp22/370778,12825/208,3.0,59.0,39.0,78,22.0
893,https://www.maxongroup.com/maxon/view/product/gear/planetary/gp22/370779,48735/676,3.0,59.0,39.0,78,22.0
894,https://www.maxongroup.com/maxon/view/product/gear/planetary/gp22/370780,1215/16,3.0,59.0,39.0,78,22.0
895,https://www.maxongroup.com/maxon/view/product/gear/planetary/gp22/370781,185193/2197,3.0,59.0,39.0,78,22.0
896,https://www.maxongroup.com/maxon/view/product/gear/planetary/gp22/370782,4617/52,3.0,59.0,39.0,78,22.0
897,https://www.maxongroup.com/maxon/view/product/gear/planetary/gp22/370783,87723/845,3.0,59.0,39.0,78,22.0
898,https://www.maxongroup.com/maxon/view/product/gear/planetary/gp22/370784,2187/20,3.0,59.0,39.0,78,22.0
899,https://www.maxongroup.com/maxon/view/product/gear/planetary/gp22/370786,19683/125,3.0,59.0,39.0,78,22.0
900,https://www.maxongroup.com/maxon/view/product/gear/planetary/gp22/370792,50625/256,3.4,49.0,45.7,91,22.0
901,https://www.maxongroup.com/maxon/view/product/gear/planetary/gp22/370794,192375/832,3.4,49.0,45.7,91,22.0
902,https://www.maxongroup.com/maxon/view/product/gear/planetary/gp22/370795,731025/2704,3.4,49.0,45.7,91,22.0
903,https://www.maxongroup.com/maxon/view/product/gear/planetary/gp22/370796,18225/64,3.4,49.0,45.7,91,22.0
904,https://www.maxongroup.com/maxon/view/product/gear/planetary/gp22/370797,2777895/8788,3.4,49.0,45.7,91,22.0
905,https://www.maxongroup.com/maxon/view/product/gear/planetary/gp22/370799,69255/208,3.4,49.0,45.7,91,22.0
906,https://www.maxongroup.com/maxon/view/product/gear/planetary/gp22/370800,10556001/28561,3.4,49.0,45.7,91,22.0
907,https://www.maxongroup.com/maxon/view/product/gear/planetary/gp22/370801,263169/676,3.4,49.0,45.7,91,22.0
908,https://www.maxongroup.com/maxon/view/product/gear/planetary/gp22/370802,6561/16,3.4,49.0,45.7,91,22.0
909,https://www.maxongroup.com/maxon/view/product/gear/planetary/gp22/370803,5000221/10985,3.4,49.0,45.7,91,22.0
910,https://www.maxongroup.com/maxon/view/product/gear/planetary/gp22/370805,124659/260,3.4,49.0,45.7,91,22.0
911,https://www.maxongroup.com/maxon/view/product/gear/planetary/gp22/370806,2368521/4225,3.4,49.0,45.7,91,22.0
912,https://www.maxongroup.com/maxon/view/product/gear/planetary/gp22/370807,59049/100,3.4,49.0,45.7,91,22.0
913,https://www.maxongroup.com/maxon/view/product/gear/planetary/gp22/370808,1121931/1625,3.4,49.0,45.7,91,22.0
914,https://www.maxongroup.com/maxon/view/product/gear/planetary/gp22/370809,531441/625,3.4,49.0,45.7,91,22.0
915,https://www.maxongroup.com/maxon/view/product/gear/planetary/gp16/401954,19683/125,0.4,73.0,26.8,29,16.0
916,https://www.maxongroup.com/maxon/view/product/gear/planetary/gp16/402672,41553/325,0.4,73.0,26.8,29,16.0
917,https://www.maxongroup.com/maxon/view/product/gear/planetary/gp16/409316,14348907/3125,0.6,59.0,33.9,37,16.0
918,https://www.maxongroup.com/maxon/view/product/gear/planetary/gp16/414453,63950067/21125,0.6,59.0,33.9,37,16.0
919,https://www.maxongroup.com/maxon/view/product/gear/planetary/gp16/415476,30292137/8125,0.6,59.0,33.9,37,16.0
920,https://www.maxongroup.com/maxon/view/product/gear/planetary/gp16/415786,135005697/54925,0.6,59.0,33.9,37,16.0
921,https://www.maxongroup.com/maxon/view/product/gear/planetary/gp16/415807,531441/625,0.5,65.0,30.4,33,16.0
922,https://www.maxongroup.com/maxon/view/product/gear/planetary/gp16/415893,285012027/142805,0.6,59.0,33.9,37,16.0
923,https://www.maxongroup.com/maxon/view/product/gear/planetary/gp16/416028,1121931/1625,0.5,65.0,30.4,33,16.0
924,https://www.maxongroup.com/maxon/view/product/gear/planetary/gp16/416097,2368521/4225,0.5,65.0,30.4,33,16.0
925,https://www.maxongroup.com/maxon/view/product/gear/planetary/gp16/416115,5000211/10985,0.5,65.0,30.4,33,16.0
926,https://www.maxongroup.com/maxon/view/product/gear/planetary/gp16/416188,601692057/371293,0.6,65.0,33.9,37,16.0
927,https://www.maxongroup.com/maxon/view/product/gear/planetary/gp16/416385,87723/845,0.4,73.0,26.8,29,16.0
928,https://www.maxongroup.com/maxon/view/product/gear/planetary/gp16/416428,729/25,0.3,81.0,23.2,25,16.0
929,https://www.maxongroup.com/maxon/view/product/gear/planetary/gp16/416499,1539/65,0.3,81.0,23.2,25,16.0
930,https://www.maxongroup.com/maxon/view/product/gear/planetary/gp16/416500,27/5,0.2,90.0,18.1,22,16.0
931,https://www.maxongroup.com/maxon/view/product/gear/planetary/gp22/416684,57/13,2.0,95.0,20.6,46,22.0
932,https://www.maxongroup.com/maxon/view/product/gear/planetary/gp22/416686,855/52,2.4,87.0,29.7,65,22.0
933,https://www.maxongroup.com/maxon/view/product/gear/planetary/gp22/416687,3249/169,2.4,87.0,29.7,65,22.0
934,https://www.maxongroup.com/maxon/view/product/gear/planetary/gp22/416688,81/4,2.4,87.0,29.7,65,22.0
935,https://www.maxongroup.com/maxon/view/product/gear/planetary/gp22/416689,1539/65,2.4,87.0,29.7,65,22.0
936,https://www.maxongroup.com/maxon/view/product/gear/planetary/gp22/416693,12825/208,3.0,78.0,38.2,82,22.0
937,https://www.maxongroup.com/maxon/view/product/gear/planetary/gp22/416694,48735/676,3.0,78.0,38.2,82,22.0
938,https://www.maxongroup.com/maxon/view/product/gear/planetary/gp22/416695,1215/16,3.0,78.0,38.2,82,22.0
939,https://www.maxongroup.com/maxon/view/product/gear/planetary/gp22/416696,185193/2197,3.0,78.0,38.2,82,22.0
940,https://www.maxongroup.com/maxon/view/product/gear/planetary/gp22/416697,4617/52,3.0,78.0,38.2,82,22.0
941,https://www.maxongroup.com/maxon/view/product/gear/planetary/gp22/416698,87723/845,3.0,78.0,38.2,82,22.0
942,https://www.maxongroup.com/maxon/view/product/gear/planetary/gp22/416699,2187/20,3.0,78.0,38.2,82,22.0
943,https://www.maxongroup.com/maxon/view/product/gear/planetary/gp22/416701,41553/325,3.0,78.0,38.2,82,22.0
944,https://www.maxongroup.com/maxon/view/product/gear/planetary/gp22/416703,192375/832,3.4,65.0,45.0,96,22.0
945,https://www.maxongroup.com/maxon/view/product/gear/planetary/gp22/416704,731025/2704,3.4,65.0,45.0,96,22.0
946,https://www.maxongroup.com/maxon/view/product/gear/planetary/gp22/416706,18225/64,3.4,65.0,45.0,96,22.0
947,https://www.maxongroup.com/maxon/view/product/gear/planetary/gp22/416707,2777895/8788,3.4,65.0,45.0,96,22.0
948,https://www.maxongroup.com/maxon/view/product/gear/planetary/gp22/416708,69225/208,3.4,65.0,45.0,96,22.0
949,https://www.maxongroup.com/maxon/view/product/gear/planetary/gp22/416709,10556001/28561,3.4,65.0,45.0,96,22.0
950,https://www.maxongroup.com/maxon/view/product/gear/planetary/gp22/416710,263169/676,3.4,65.0,45.0,96,22.0
951,https://www.maxongroup.com/maxon/view/product/gear/planetary/gp22/416711,6561/16,3.4,65.0,45.0,96,22.0
952,https://www.maxongroup.com/maxon/view/product/gear/planetary/gp22/416736,5000211/10985,3.4,65.0,45.0,96,22.0
953,https://www.maxongroup.com/maxon/view/product/gear/planetary/gp22/416737,124659/260,3.4,65.0,45.0,96,22.0
954,https://www.maxongroup.com/maxon/view/product/gear/planetary/gp22/416738,2368521/4225,3.4,65.0,45.0,96,22.0
955,https://www.maxongroup.com/maxon/view/product/gear/planetary/gp22/416739,59049/100,3.4,65.0,45.0,96,22.0
956,https://www.maxongroup.com/maxon/view/product/gear/planetary/gp22/416740,1121931/1625,3.4,65.0,45.0,96,22.0
957,https://www.maxongroup.com/maxon/view/product/gear/planetary/gp22/416742,2885625/3328,4.0,52.0,51.8,110,22.0
958,https://www.maxongroup.com/maxon/view/product/gear/planetary/gp22/416743,10965375/10816,4.0,52.0,51.8,110,22.0
959,https://www.maxongroup.com/maxon/view/product/gear/planetary/gp22/416744,273375/256,4.0,52.0,51.8,110,22.0
960,https://www.maxongroup.com/maxon/view/product/gear/planetary/gp22/416745,41668425/35152,4.0,52.0,51.8,110,22.0
961,https://www.maxongroup.com/maxon/view/product/gear/planetary/gp22/416746,1038825/832,4.0,52.0,51.8,110,22.0
962,https://www.maxongroup.com/maxon/view/product/gear/planetary/gp22/416747,158340015/114244,4.0,52.0,51.8,110,22.0
963,https://www.maxongroup.com/maxon/view/product/gear/planetary/gp22/416748,3947535/2704,4.0,52.0,51.8,110,22.0
964,https://www.maxongroup.com/maxon/view/product/gear/planetary/gp22/416749,98415/64,4.0,52.0,51.8,110,22.0
965,https://www.maxongroup.com/maxon/view/product/gear/planetary/gp22/416751,601692057/371293,4.0,52.0,51.8,110,22.0
966,https://www.maxongroup.com/maxon/view/product/gear/planetary/gp22/416752,15000633/8788,4.0,52.0,51.8,110,22.0
967,https://www.maxongroup.com/maxon/view/product/gear/planetary/gp22/416753,373977/208,4.0,52.0,51.8,110,22.0
968,https://www.maxongroup.com/maxon/view/product/gear/planetary/gp22/416754,285012027/142805,4.0,52.0,51.8,110,22.0
969,https://www.maxongroup.com/maxon/view/product/gear/planetary/gp22/416756,7105563/3380,4.0,52.0,51.8,110,22.0
970,https://www.maxongroup.com/maxon/view/product/gear/planetary/gp22/416757,177147/80,4.0,52.0,51.8,110,22.0
971,https://www.maxongroup.com/maxon/view/product/gear/planetary/gp22/416758,135005697/54925,4.0,52.0,51.8,110,22.0
972,https://www.maxongroup.com/maxon/view/product/gear/planetary/gp22/416759,3365793/1300,4.0,52.0,51.8,110,22.0
973,https://www.maxongroup.com/maxon/view/product/gear/planetary/gp22/416760,63950067/21125,4.0,52.0,51.8,110,22.0
974,https://www.maxongroup.com/maxon/view/product/gear/planetary/gp22/416762,1594323/500,4.0,52.0,51.8,110,22.0
975,https://www.maxongroup.com/maxon/view/product/gear/planetary/gp22/416763,30292137/8125,4.0,52.0,51.8,110,22.0
976,https://www.maxongroup.com/maxon/view/product/gear/planetary/gp42/454746,147/2,40.0,78.0,102.2,755,42.0
977,https://www.maxongroup.com/maxon/view/product/gear/planetary/gp42/476927,13/3,10.0,95.0,57.7,425,42.0
978,https://www.maxongroup.com/maxon/view/product/gear/planetary/gp42/476928,91/6,20.0,87.0,79.9,580,42.0
979,https://www.maxongroup.com/maxon/view/product/gear/planetary/gp42/476929,169/9,20.0,87.0,79.9,580,42.0
980,https://www.maxongroup.com/maxon/view/product/gear/planetary/gp42/476933,637/12,40.0,78.0,102.2,750,42.0
981,https://www.maxongroup.com/maxon/view/product/gear/planetary/gp42/476934,1183/18,40.0,78.0,102.2,755,42.0
982,https://www.maxongroup.com/maxon/view/product/gear/planetary/gp42/476936,2197/27,40.0,78.0,102.2,760,42.0
983,https://www.maxongroup.com/maxon/view/product/gear/planetary/gp42/476937,91/1,40.0,78.0,102.2,760,42.0
984,https://www.maxongroup.com/maxon/view/product/gear/planetary/gp42/476938,338/3,40.0,78.0,102.2,765,42.0
985,https://www.maxongroup.com/maxon/view/product/gear/planetary/gp42/476942,4459/24,50.0,65.0,116.9,845,42.0
986,https://www.maxongroup.com/maxon/view/product/gear/planetary/gp42/476943,8281/36,50.0,65.0,116.9,850,42.0
987,https://www.maxongroup.com/maxon/view/product/gear/planetary/gp42/476944,1029/4,50.0,65.0,116.9,855,42.0
988,https://www.maxongroup.com/maxon/view/product/gear/planetary/gp42/476945,15379/54,50.0,65.0,116.9,855,42.0
989,https://www.maxongroup.com/maxon/view/product/gear/planetary/gp42/476946,637/2,50.0,65.0,116.9,855,42.0
990,https://www.maxongroup.com/maxon/view/product/gear/planetary/gp42/476947,28561/81,50.0,65.0,116.9,860,42.0
991,https://www.maxongroup.com/maxon/view/product/gear/planetary/gp42/476948,1183/3,50.0,65.0,116.9,860,42.0
992,https://www.maxongroup.com/maxon/view/product/gear/planetary/gp42/476949,441/1,50.0,65.0,116.9,860,42.0
993,https://www.maxongroup.com/maxon/view/product/gear/planetary/gp42/476950,4394/9,50.0,65.0,116.9,865,42.0
994,https://www.maxongroup.com/maxon/view/product/gear/planetary/gp42/476951,546/1,50.0,65.0,116.9,865,42.0
995,https://www.maxongroup.com/maxon/view/product/gear/planetary/gp42/476952,676/1,50.0,65.0,116.9,870,42.0
996,https://www.maxongroup.com/maxon/view/product/gear/planetary/gp32/526078,24/5,3.0,95.0,32.9,176,32.0
997,https://www.maxongroup.com/maxon/view/product/gear/planetary/gp32/526079,23/4,3.0,95.0,32.9,176,32.0
998,https://www.maxongroup.com/maxon/view/product/gear/planetary/gp32/526081,624/35,4.0,87.0,45.3,234,32.0
999,https://www.maxongroup.com/maxon/view/product/gear/planetary/gp32/526082,299/14,4.0,87.0,45.3,234,32.0
1000,https://www.maxongroup.com/maxon/view/product/gear/planetary/gp32/526083,576/25,4.0,87.0,41.4,234,32.0
1001,https://www.maxongroup.com/maxon/view/product/gear/planetary/gp32/526084,138/5,4.0,87.0,45.3,234,32.0
1002,https://www.maxongroup.com/maxon/view/product/gear/planetary/gp32/526085,529/16,4.0,87.0,45.3,234,32.0
1003,https://www.maxongroup.com/maxon/view/product/gear/planetary/gp32/526087,16224/245,8.0,78.0,55.1,277,32.0
1004,https://www.maxongroup.com/maxon/view/product/gear/planetary/gp32/526088,3887/49,8.0,78.0,55.1,277,32.0
1005,https://www.maxongroup.com/maxon/view/product/gear/planetary/gp32/526089,14976/175,8.0,78.0,55.1,277,32.0
1006,https://www.maxongroup.com/maxon/view/product/gear/planetary/gp32/526090,3588/35,8.0,78.0,55.1,277,32.0
1007,https://www.maxongroup.com/maxon/view/product/gear/planetary/gp32/526091,13824/125,8.0,78.0,55.1,277,32.0
1008,https://www.maxongroup.com/maxon/view/product/gear/planetary/gp32/526092,6877/56,8.0,78.0,55.1,277,32.0
1009,https://www.maxongroup.com/maxon/view/product/gear/planetary/gp32/526093,3312/25,8.0,78.0,55.1,277,32.0
1010,https://www.maxongroup.com/maxon/view/product/gear/planetary/gp32/526094,1587/10,8.0,78.0,55.1,277,32.0
1011,https://www.maxongroup.com/maxon/view/product/gear/planetary/gp32/526096,421824/1715,8.0,65.0,61.6,309,32.0
1012,https://www.maxongroup.com/maxon/view/product/gear/planetary/gp32/526097,101062/343,8.0,65.0,61.6,309,32.0
1013,https://www.maxongroup.com/maxon/view/product/gear/planetary/gp32/526098,389376/1225,8.0,65.0,61.6,309,32.0
1014,https://www.maxongroup.com/maxon/view/product/gear/planetary/gp32/526099,359424/875,8.0,65.0,61.6,309,32.0
1015,https://www.maxongroup.com/maxon/view/product/gear/planetary/gp32/526100,89401/196,8.0,65.0,61.6,309,32.0
1016,https://www.maxongroup.com/maxon/view/product/gear/planetary/gp32/526101,86112/175,8.0,65.0,61.6,309,32.0
1017,https://www.maxongroup.com/maxon/view/product/gear/planetary/gp32/526102,331776/625,8.0,65.0,61.6,309,32.0
1018,https://www.maxongroup.com/maxon/view/product/gear/planetary/gp32/526103,20631/35,8.0,65.0,61.6,309,32.0
1019,https://www.maxongroup.com/maxon/view/product/gear/planetary/gp32/526104,79488/125,8.0,65.0,61.6,309,32.0
1020,https://www.maxongroup.com/maxon/view/product/gear/planetary/gp32/526105,19044/25,8.0,65.0,61.6,309,32.0
1021,https://www.maxongroup.com/maxon/view/product/gear/planetary/gp32/526107,10967424/12005,8.0,53.0,68.1,340,32.0
1022,https://www.maxongroup.com/maxon/view/product/gear/planetary/gp32/526108,2627612/2401,8.0,53.0,68.1,340,32.0
1023,https://www.maxongroup.com/maxon/view/product/gear/planetary/gp32/526109,10123776/8575,8.0,53.0,68.1,340,32.0
1024,https://www.maxongroup.com/maxon/view/product/gear/planetary/gp32/526110,2425488/1715,8.0,53.0,68.1,340,32.0
1025,https://www.maxongroup.com/maxon/view/product/gear/planetary/gp32/526111,9345024/6125,8.0,53.0,68.1,340,32.0
1026,https://www.maxongroup.com/maxon/view/product/gear/planetary/gp32/526112,1162213/686,8.0,53.0,68.1,340,32.0
1027,https://www.maxongroup.com/maxon/view/product/gear/planetary/gp32/526113,2238912/1225,8.0,53.0,68.1,340,32.0
1028,https://www.maxongroup.com/maxon/view/product/gear/planetary/gp32/526114,8626176/4375,8.0,53.0,68.1,340,32.0
1029,https://www.maxongroup.com/maxon/view/product/gear/planetary/gp32/526115,536406/245,8.0,53.0,68.1,340,32.0
1030,https://www.maxongroup.com/maxon/view/product/gear/planetary/gp32/526116,2066688/875,8.0,53.0,68.1,340,32.0
1031,https://www.maxongroup.com/maxon/view/product/gear/planetary/gp32/526117,7962624/3125,8.0,53.0,68.1,340,32.0
1032,https://www.maxongroup.com/maxon/view/product/gear/planetary/gp32/526118,2056223/784,8.0,53.0,68.1,340,32.0
1033,https://www.maxongroup.com/maxon/view/product/gear/planetary/gp32/526119,495144/175,8.0,53.0,68.1,340,32.0
1034,https://www.maxongroup.com/maxon/view/product/gear/planetary/gp32/526120,1907712/625,8.0,53.0,68.1,340,32.0
1035,https://www.maxongroup.com/maxon/view/product/gear/planetary/gp32/526121,474513/140,8.0,53.0,68.1,340,32.0
1036,https://www.maxongroup.com/maxon/view/product/gear/planetary/gp32/526122,457056/125,8.0,53.0,68.1,340,32.0
1037,https://www.maxongroup.com/maxon/view/product/gear/planetary/gp32/526123,3637933/896,8.0,53.0,68.1,340,32.0
1038,https://www.maxongroup.com/maxon/view/product/gear/planetary/gp32/526124,109503/25,8.0,53.0,68.1,340,32.0
1039,https://www.maxongroup.com/maxon/view/product/gear/planetary/gp32/526125,839523/160,8.0,53.0,68.1,340,32.0
1040,https://www.maxongroup.com/maxon/view/product/gear/planetary/gp32/526126,6436343/1024,8.0,53.0,68.1,340,32.0
1041,https://www.maxongroup.com/maxon/view/product/gear/planetary/gp42/838239,1296/1,11.3,64.0,84.5,560,42.0
1042,https://www.maxongroup.com/maxon/view/product/gear/planetary/gp42/838240,756/1,11.3,64.0,84.5,560,42.0
1043,https://www.maxongroup.com/maxon/view/product/gear/planetary/gp42/838241,1183/3,11.3,64.0,84.5,560,42.0
1044,https://www.maxongroup.com/maxon/view/product/gear/planetary/gp42/838242,936/1,11.3,64.0,84.5,560,42.0
1045,https://www.maxongroup.com/maxon/view/product/gear/planetary/gp42/838243,343/8,11.3,72.0,70.0,460,42.0
1046,https://www.maxongroup.com/maxon/view/product/gear/planetary/gp42/838245,15379/54,11.3,64.0,84.5,560,42.0
1047,https://www.maxongroup.com/maxon/view/product/gear/planetary/gp42/838246,2401/16,11.3,64.0,84.5,560,42.0
1048,https://www.maxongroup.com/maxon/view/product/gear/planetary/gp42/838247,216/1,11.3,72.0,70.0,460,42.0
1049,https://www.maxongroup.com/maxon/view/product/gear/planetary/gp42/838248,21/1,5.6,81.0,55.5,360,42.0
1050,https://www.maxongroup.com/maxon/view/product/gear/planetary/gp42/838251,147/2,11.3,72.0,70.0,460,42.0
1051,https://www.maxongroup.com/maxon/view/product/gear/planetary/gp42/838253,126/1,11.3,72.0,70.0,460,42.0
1052,https://www.maxongroup.com/maxon/view/product/gear/planetary/gp42/838254,1183/18,11.3,72.0,70.0,460,42.0
1053,https://www.maxongroup.com/maxon/view/product/gear/planetary/gp42/838255,4394/9,11.3,64.0,84.5,560,42.0
1054,https://www.maxongroup.com/maxon/view/product/gear/planetary/gp42/838256,546/1,11.3,64.0,84.5,560,42.0
1055,https://www.maxongroup.com/maxon/view/product/gear/planetary/gp42/838257,2197/27,11.3,72.0,70.0,460,42.0
1056,https://www.maxongroup.com/maxon/view/product/gear/planetary/gp42/838258,28561/81,11.3,64.0,84.5,560,42.0
1057,https://www.maxongroup.com/maxon/view/product/gear/planetary/gp42/838259,49/4,5.6,81.0,55.5,360,42.0
1058,https://www.maxongroup.com/maxon/view/product/gear/planetary/gp42/838260,36/1,5.6,81.0,55.5,360,42.0
1059,https://www.maxongroup.com/maxon/view/product/gear/planetary/gp42/838261,1029/4,11.3,64.0,84.5,560,42.0
1060,https://www.maxongroup.com/maxon/view/product/gear/planetary/gp42/838262,637/12,11.3,72.0,70.0,460,42.0
1061,https://www.maxongroup.com/maxon/view/product/gear/planetary/gp42/838263,441/1,11.3,64.0,84.5,560,42.0
1062,https://www.maxongroup.com/maxon/view/product/gear/planetary/gp42/838264,637/2,11.3,64.0,84.5,560,42.0
1063,https://www.maxongroup.com/maxon/view/product/gear/planetary/gp42/838265,4459/24,11.3,64.0,84.5,560,42.0
1064,https://www.maxongroup.com/maxon/view/product/gear/planetary/gp42/838266,8281/36,11.3,64.0,84.5,560,42.0
1065,https://www.maxongroup.com/maxon/view/product/gear/planetary/gp42/838267,7/2,2.25,90.0,41.0,260,42.0
1066,https://www.maxongroup.com/maxon/view/product/gear/planetary/gp42/838268,6/1,2.25,90.0,41.0,260,42.0
1067,https://www.maxongroup.com/maxon/view/product/gear/planetary/gp42/838269,91/1,11.3,72.0,70.0,460,42.0
1068,https://www.maxongroup.com/maxon/view/product/gear/planetary/gp42/838270,676/1,11.3,64.0,84.5,560,42.0
1069,https://www.maxongroup.com/maxon/view/product/gear/planetary/gp42/838272,169/9,5.6,81.0,55.5,360,42.0
1070,https://www.maxongroup.com/maxon/view/product/gear/planetary/GPX/GPX12/GPX12-3-Stufig-A/GPX12AAKLSL0103CPLW,371250/3610,0.14,75.0,25.2,17,12.0
1071,https://www.maxongroup.com/maxon/view/product/gear/planetary/GPX/GPX12/GPX12-3-Stufig-A/GPX12AAKLSL0111CPLW,357075/3211,0.14,75.0,25.2,17,12.0
1072,https://www.maxongroup.com/maxon/view/product/gear/planetary/GPX/GPX12/GPX12-3-Stufig-A/GPX12AAKLSL0138CPLW,341550/2470,0.14,75.0,25.2,17,12.0
1073,https://www.maxongroup.com/maxon/view/product/gear/planetary/GPX/GPX12/GPX12-3-Stufig-A/GPX12AAKLSL0172CPLW,326700/1900,0.14,75.0,25.2,17,12.0
1074,https://www.maxongroup.com/maxon/view/product/gear/planetary/GPX/GPX12/GPX12-3-Stufig-A/GPX12AAKLSL0186CPLW,314226/1690,0.14,75.0,25.2,17,12.0
1075,https://www.maxongroup.com/maxon/view/product/gear/planetary/GPX/GPX12/GPX12-4-Stufig-A/GPX12AAKLSL0326CPLW,29109375/89167,0.17,65.0,30.1,19,12.0
1076,https://www.maxongroup.com/maxon/view/product/gear/planetary/GPX/GPX12/GPX12-4-Stufig-A/GPX12AAKLSL0406CPLW,27843750/68590,0.17,65.0,30.1,19,12.0
1077,https://www.maxongroup.com/maxon/view/product/gear/planetary/GPX/GPX12/GPX12-4-Stufig-A/GPX12AAKLSL0439CPLW,26780625/61009,0.17,65.0,30.1,19,12.0
1078,https://www.maxongroup.com/maxon/view/product/gear/planetary/GPX/GPX12/GPX12-4-Stufig-A/GPX12AAKLSL0546CPLW,25616250/46930,0.17,65.0,30.1,19,12.0
1079,https://www.maxongroup.com/maxon/view/product/gear/planetary/GPX/GPX12/GPX12-4-Stufig-A/GPX12AAKLSL0590CPLW,24638175/41743,0.17,65.0,30.1,19,12.0
1080,https://www.maxongroup.com/maxon/view/product/gear/planetary/GPX/GPX12/GPX12-4-Stufig-A/GPX12AAKLSL0679CPLW,24502500/36100,0.17,65.0,30.1,19,12.0
1081,https://www.maxongroup.com/maxon/view/product/gear/planetary/GPX/GPX12/GPX12-4-Stufig-A/GPX12AAKLSL0794CPLW,22667121/28561,0.17,65.0,30.1,19,12.0
1082,https://www.maxongroup.com/maxon/view/product/gear/planetary/GPX/GPX12/GPX12-4-Stufig-A/GPX12AAKLSL0913CPLW,22542300/24700,0.17,65.0,30.1,19,12.0
1083,https://www.maxongroup.com/maxon/view/product/gear/planetary/GPX/GPX12/GPX12-4-Stufig-A/GPX12AAKLSL0987CPLW,21681594/21970,0.17,65.0,30.1,19,12.0
1084,https://www.maxongroup.com/maxon/view/product/gear/planetary/GPX/GPX12/GPX12-4-Stufig-A/GPX12AAKLSL1135CPLW,21562200/19000,0.17,65.0,30.1,19,12.0
1085,https://www.maxongroup.com/maxon/view/product/gear/planetary/GPX/GPX12/GPX12-4-Stufig-A/GPX12AAKLSL1227CPLW,20738916/16900,0.17,65.0,30.1,19,12.0
1086,https://www.maxongroup.com/maxon/view/product/gear/planetary/GPX/GPX12/GPX12-2-Stufig-A/GPX12AAKLSL21D0CPLW,5175/247,0.11,80.0,20.4,14,12.0
1087,https://www.maxongroup.com/maxon/view/product/gear/planetary/GPX/GPX12/GPX12-2-Stufig-A/GPX12AAKLSL28D0CPLW,4761/169,0.11,80.0,20.4,14,12.0
1088,https://www.maxongroup.com/maxon/view/product/gear/planetary/GPX/GPX12/GPX12-3-Stufig-A/GPX12AAKLSL83D0CPLW,388125/4693,0.14,75.0,25.2,17,12.0
1089,https://www.maxongroup.com/maxon/view/product/gear/planetary/GPX/GPX12/GPX12-3-Stufig-C/GPX12CAKLSL0103CPLW,371250/3610,0.19,75.0,25.2,17,12.0
1090,https://www.maxongroup.com/maxon/view/product/gear/planetary/GPX/GPX12/GPX12-3-Stufig-C/GPX12CAKLSL0111CPLW,357075/3211,0.19,75.0,25.2,17,12.0
1091,https://www.maxongroup.com/maxon/view/product/gear/planetary/GPX/GPX12/GPX12-3-Stufig-C/GPX12CAKLSL0138CPLW,341550/2470,0.19,75.0,25.2,17,12.0
1092,https://www.maxongroup.com/maxon/view/product/gear/planetary/GPX/GPX12/GPX12-3-Stufig-C/GPX12CAKLSL0172CPLW,326700/1900,0.19,75.0,25.2,17,12.0
1093,https://www.maxongroup.com/maxon/view/product/gear/planetary/GPX/GPX12/GPX12-3-Stufig-C/GPX12CAKLSL0186CPLW,314226/1690,0.19,75.0,25.2,17,12.0
1094,https://www.maxongroup.com/maxon/view/product/gear/planetary/GPX/GPX12/GPX12-4-Stufig-C/GPX12CAKLSL0326CPLW,29109375/89167,0.23,65.0,30.1,19,12.0
1095,https://www.maxongroup.com/maxon/view/product/gear/planetary/GPX/GPX12/GPX12-4-Stufig-C/GPX12CAKLSL0406CPLW,27843750/68590,0.23,65.0,30.1,19,12.0
1096,https://www.maxongroup.com/maxon/view/product/gear/planetary/GPX/GPX12/GPX12-4-Stufig-C/GPX12CAKLSL0439CPLW,26780625/61009,0.23,65.0,30.1,19,12.0
1097,https://www.maxongroup.com/maxon/view/product/gear/planetary/GPX/GPX12/GPX12-4-Stufig-C/GPX12CAKLSL0546CPLW,25616250/46930,0.23,65.0,30.1,19,12.0
1098,https://www.maxongroup.com/maxon/view/product/gear/planetary/GPX/GPX12/GPX12-4-Stufig-C/GPX12CAKLSL0590CPLW,24638175/41743,0.23,65.0,30.1,19,12.0
1099,https://www.maxongroup.com/maxon/view/product/gear/planetary/GPX/GPX12/GPX12-4-Stufig-C/GPX12CAKLSL0679CPLW,24502500/36100,0.23,65.0,30.1,19,12.0
1100,https://www.maxongroup.com/maxon/view/product/gear/planetary/GPX/GPX12/GPX12-4-Stufig-C/GPX12CAKLSL0794CPLW,22667121/28561,0.23,65.0,30.1,19,12.0
1101,https://www.maxongroup.com/maxon/view/product/gear/planetary/GPX/GPX12/GPX12-4-Stufig-C/GPX12CAKLSL0913CPLW,22542300/24700,0.23,65.0,30.1,19,12.0
1102,https://www.maxongroup.com/maxon/view/product/gear/planetary/GPX/GPX12/GPX12-4-Stufig-C/GPX12CAKLSL0987CPLW,21681594/21970,0.23,65.0,30.1,19,12.0
1103,https://www.maxongroup.com/maxon/view/product/gear/planetary/GPX/GPX12/GPX12-4-Stufig-C/GPX12CAKLSL1135CPLW,21681594/19000,0.23,65.0,30.1,19,12.0
1104,https://www.maxongroup.com/maxon/view/product/gear/planetary/GPX/GPX12/GPX12-2-Stufig-C/GPX12CAKLSL21D0CPLW,5175/247,0.15,80.0,20.4,14,12.0
1105,https://www.maxongroup.com/maxon/view/product/gear/planetary/GPX/GPX12/GPX12-2-Stufig-C/GPX12CAKLSL28D0CPLW,4761/169,0.15,80.0,20.4,14,12.0
1106,https://www.maxongroup.com/maxon/view/product/gear/planetary/GPX/GPX12/GPX12-3-Stufig-C/GPX12CAKLSL83D0CPLW,388125/4693,0.19,75.0,25.2,17,12.0
1107,https://www.maxongroup.com/maxon/view/product/gear/planetary/GPX/GPX12/GPX12-3-Stufig-HP/GPX12HPKLSL0103CPLW,371250/3610,0.3,65.0,28.1,19,12.0
1108,https://www.maxongroup.com/maxon/view/product/gear/planetary/GPX/GPX12/GPX12-3-Stufig-HP/GPX12HPKLSL0111CPLW,357075/3211,0.3,65.0,28.1,19,12.0
1109,https://www.maxongroup.com/maxon/view/product/gear/planetary/GPX/GPX12/GPX12-3-Stufig-HP/GPX12HPKLSL0138CPLW,341550/2470,0.3,65.0,28.1,19,12.0
1110,https://www.maxongroup.com/maxon/view/product/gear/planetary/GPX/GPX12/GPX12-3-Stufig-HP/GPX12HPKLSL0172CPLW,326700/1900,0.3,65.0,28.1,19,12.0
1111,https://www.maxongroup.com/maxon/view/product/gear/planetary/GPX/GPX12/GPX12-3-Stufig-HP/GPX12HPKLSL0186CPLW,314226/1690,0.3,65.0,28.1,19,12.0
1112,https://www.maxongroup.com/maxon/view/product/gear/planetary/GPX/GPX12/GPX12-4-Stufig-HP/GPX12HPKLSL0326CPLW,29109375/89167,0.35,55.0,33.0,21,12.0
1113,https://www.maxongroup.com/maxon/view/product/gear/planetary/GPX/GPX12/GPX12-4-Stufig-HP/GPX12HPKLSL0406CPLW,27843750/68590,0.35,55.0,33.0,21,12.0
1114,https://www.maxongroup.com/maxon/view/product/gear/planetary/GPX/GPX12/GPX12-4-Stufig-HP/GPX12HPKLSL0439CPLW,26780625/61009,0.35,55.0,33.0,21,12.0
1115,https://www.maxongroup.com/maxon/view/product/gear/planetary/GPX/GPX12/GPX12-4-Stufig-HP/GPX12HPKLSL0546CPLW,25616250/46930,0.35,55.0,33.0,21,12.0
1116,https://www.maxongroup.com/maxon/view/product/gear/planetary/GPX/GPX12/GPX12-4-Stufig-HP/GPX12HPKLSL0590CPLW,24638175/41743,0.35,55.0,33.0,21,12.0
1117,https://www.maxongroup.com/maxon/view/product/gear/planetary/GPX/GPX12/GPX12-4-Stufig-HP/GPX12HPKLSL0679CPLW,24502500/36100,0.35,55.0,33.0,21,12.0
1118,https://www.maxongroup.com/maxon/view/product/gear/planetary/GPX/GPX12/GPX12-4-Stufig-HP/GPX12HPKLSL0794CPLW,22667121/28561,0.35,55.0,33.0,21,12.0
1119,https://www.maxongroup.com/maxon/view/product/gear/planetary/GPX/GPX12/GPX12-4-Stufig-HP/GPX12HPKLSL0913CPLW,22542300/24700,0.35,55.0,33.0,21,12.0
1120,https://www.maxongroup.com/maxon/view/product/gear/planetary/GPX/GPX12/GPX12-4-Stufig-HP/GPX12HPKLSL0987CPLW,21681594/21970,0.35,55.0,33.0,21,12.0
1121,https://www.maxongroup.com/maxon/view/product/gear/planetary/GPX/GPX12/GPX12-4-Stufig-HP/GPX12HPKLSL1135CPLW,21562200/19000,0.35,55.0,33.0,21,12.0
1122,https://www.maxongroup.com/maxon/view/product/gear/planetary/GPX/GPX12/GPX12-4-Stufig-HP/GPX12HPKLSL1227CPLW,20738916/16900,0.35,55.0,33.0,21,12.0
1123,https://www.maxongroup.com/maxon/view/product/gear/planetary/GPX/GPX12/GPX12-2-Stufig-HP/GPX12HPKLSL21D0CPLW,5175/247,0.25,75.0,23.4,16,12.0
1124,https://www.maxongroup.com/maxon/view/product/gear/planetary/GPX/GPX12/GPX12-2-Stufig-HP/GPX12HPKLSL28D0CPLW,4761/169,0.25,75.0,23.4,16,12.0
1125,https://www.maxongroup.com/maxon/view/product/gear/planetary/GPX/GPX12/GPX12-3-Stufig-HP/GPX12HPKLSL83D0CPLW,388125/4693,0.3,65.0,28.1,19,12.0
1126,https://www.maxongroup.com/maxon/view/product/gear/planetary/GPX/GPX12/GPX12-3-Stufig-LN/GPX12LNKLSL0103CPLW,371250/3610,0.11,75.0,25.2,17,12.0
1127,https://www.maxongroup.com/maxon/view/product/gear/planetary/GPX/GPX12/GPX12-3-Stufig-LN/GPX12LNKLSL0111CPLW,357075/3211,0.11,75.0,25.2,17,12.0
1128,https://www.maxongroup.com/maxon/view/product/gear/planetary/GPX/GPX12/GPX12-3-Stufig-LN/GPX12LNKLSL0138CPLW,341550/2470,0.11,75.0,25.2,17,12.0
1129,https://www.maxongroup.com/maxon/view/product/gear/planetary/GPX/GPX12/GPX12-3-Stufig-LN/GPX12LNKLSL0172CPLW,326700/1900,0.11,75.0,25.2,17,12.0
1130,https://www.maxongroup.com/maxon/view/product/gear/planetary/GPX/GPX12/GPX12-3-Stufig-LN/GPX12LNKLSL0186CPLW,314226/1690,0.11,75.0,25.2,17,12.0
1131,https://www.maxongroup.com/maxon/view/product/gear/planetary/GPX/GPX12/GPX12-4-Stufig-LN/GPX12LNKLSL0326CPLW,29109375/89167,0.14,65.0,30.1,19,12.0
1132,https://www.maxongroup.com/maxon/view/product/gear/planetary/GPX/GPX12/GPX12-4-Stufig-LN/GPX12LNKLSL0406CPLW,27843750/68590,0.14,65.0,30.1,19,12.0
1133,https://www.maxongroup.com/maxon/view/product/gear/planetary/GPX/GPX12/GPX12-4-Stufig-LN/GPX12LNKLSL0439CPLW,26780625/61009,0.14,65.0,30.1,19,12.0
1134,https://www.maxongroup.com/maxon/view/product/gear/planetary/GPX/GPX12/GPX12-4-Stufig-LN/GPX12LNKLSL0546CPLW,25616250/46930,0.14,65.0,30.1,19,12.0
1135,https://www.maxongroup.com/maxon/view/product/gear/planetary/GPX/GPX12/GPX12-4-Stufig-LN/GPX12LNKLSL0590CPLW,24638175/41743,0.14,65.0,30.1,19,12.0
1136,https://www.maxongroup.com/maxon/view/product/gear/planetary/GPX/GPX12/GPX12-4-Stufig-LN/GPX12LNKLSL0679CPLW,24502500/36100,0.14,65.0,30.1,19,12.0
1137,https://www.maxongroup.com/maxon/view/product/gear/planetary/GPX/GPX12/GPX12-4-Stufig-LN/GPX12LNKLSL0794CPLW,22667121/28561,0.14,65.0,30.1,19,12.0
1138,https://www.maxongroup.com/maxon/view/product/gear/planetary/GPX/GPX12/GPX12-4-Stufig-LN/GPX12LNKLSL0913CPLW,22542300/24700,0.14,65.0,30.1,19,12.0
1139,https://www.maxongroup.com/maxon/view/product/gear/planetary/GPX/GPX12/GPX12-4-Stufig-LN/GPX12LNKLSL0987CPLW,21681594/21970,0.14,65.0,30.1,19,12.0
1140,https://www.maxongroup.com/maxon/view/product/gear/planetary/GPX/GPX12/GPX12-4-Stufig-LN/GPX12LNKLSL1135CPLW,21562200/19000,0.14,65.0,30.1,19,12.0
1141,https://www.maxongroup.com/maxon/view/product/gear/planetary/GPX/GPX12/GPX12-4-Stufig-LN/GPX12LNKLSL1227CPLW,20738916/16900,0.14,65.0,30.1,19,12.0
1142,https://www.maxongroup.com/maxon/view/product/gear/planetary/GPX/GPX12/GPX12-2-Stufig-LN/GPX12LNKLSL21D0CPLW,5175/247,0.09,80.0,20.4,14,12.0
1143,https://www.maxongroup.com/maxon/view/product/gear/planetary/GPX/GPX12/GPX12-2-Stufig-LN/GPX12LNKLSL28D0CPLW,4761/169,0.09,80.0,20.4,14,12.0
1144,https://www.maxongroup.com/maxon/view/product/gear/planetary/GPX/GPX12/GPX12-3-Stufig-LN/GPX12LNKLSL83D0CPLW,388125/4693,0.11,75.0,25.2,17,12.0
1145,https://www.maxongroup.com/maxon/view/product/gear/planetary/GPX/GPX12/GPX12-3-Stufig-LZ/GPX12LZKLSL0103CPLW,371250/3610,0.14,75.0,25.2,17,12.0
1146,https://www.maxongroup.com/maxon/view/product/gear/planetary/GPX/GPX12/GPX12-3-Stufig-LZ/GPX12LZKLSL0111CPLW,357075/3211,0.14,75.0,25.2,17,12.0
1147,https://www.maxongroup.com/maxon/view/product/gear/planetary/GPX/GPX12/GPX12-3-Stufig-LZ/GPX12LZKLSL0138CPLW,341550/2470,0.14,75.0,25.2,17,12.0
1148,https://www.maxongroup.com/maxon/view/product/gear/planetary/GPX/GPX12/GPX12-3-Stufig-LZ/GPX12LZKLSL0172CPLW,326700/1900,0.14,75.0,25.2,17,12.0
1149,https://www.maxongroup.com/maxon/view/product/gear/planetary/GPX/GPX12/GPX12-3-Stufig-LZ/GPX12LZKLSL0186CPLW,314226/1690,0.14,75.0,25.2,17,12.0
1150,https://www.maxongroup.com/maxon/view/product/gear/planetary/GPX/GPX12/GPX12-4-Stufig-LZ/GPX12LZKLSL0326CPLW,29109375/89167,0.17,65.0,30.1,19,12.0
1151,https://www.maxongroup.com/maxon/view/product/gear/planetary/GPX/GPX12/GPX12-4-Stufig-LZ/GPX12LZKLSL0406CPLW,27843750/68590,0.17,65.0,30.1,19,12.0
1152,https://www.maxongroup.com/maxon/view/product/gear/planetary/GPX/GPX12/GPX12-4-Stufig-LZ/GPX12LZKLSL0439CPLW,26780625/61009,0.17,65.0,30.1,19,12.0
1153,https://www.maxongroup.com/maxon/view/product/gear/planetary/GPX/GPX12/GPX12-4-Stufig-LZ/GPX12LZKLSL0546CPLW,25616250/46930,0.17,65.0,30.1,19,12.0
1154,https://www.maxongroup.com/maxon/view/product/gear/planetary/GPX/GPX12/GPX12-4-Stufig-LZ/GPX12LZKLSL0590CPLW,24638175/41743,0.17,65.0,30.1,19,12.0
1155,https://www.maxongroup.com/maxon/view/product/gear/planetary/GPX/GPX12/GPX12-4-Stufig-LZ/GPX12LZKLSL0679CPLW,24502500/36100,0.17,65.0,30.1,19,12.0
1156,https://www.maxongroup.com/maxon/view/product/gear/planetary/GPX/GPX12/GPX12-4-Stufig-LZ/GPX12LZKLSL0794CPLW,22667121/28561,0.17,65.0,30.1,19,12.0
1157,https://www.maxongroup.com/maxon/view/product/gear/planetary/GPX/GPX12/GPX12-4-Stufig-LZ/GPX12LZKLSL0913CPLW,22542300/24700,0.17,65.0,30.1,19,12.0
1158,https://www.maxongroup.com/maxon/view/product/gear/planetary/GPX/GPX12/GPX12-4-Stufig-LZ/GPX12LZKLSL0987CPLW,21681594/21970,0.17,65.0,30.1,19,12.0
1159,https://www.maxongroup.com/maxon/view/product/gear/planetary/GPX/GPX12/GPX12-4-Stufig-LZ/GPX12LZKLSL1135CPLW,21562200/19000,0.17,65.0,30.1,19,12.0
1160,https://www.maxongroup.com/maxon/view/product/gear/planetary/GPX/GPX12/GPX12-4-Stufig-LZ/GPX12LZKLSL1227CPLW,20738916/16900,0.17,65.0,30.1,19,12.0
1161,https://www.maxongroup.com/maxon/view/product/gear/planetary/GPX/GPX12/GPX12-2-Stufig-LZ/GPX12LZKLSL21D0CPLW,5175/247,0.11,80.0,20.4,14,12.0
1162,https://www.maxongroup.com/maxon/view/product/gear/planetary/GPX/GPX12/GPX12-2-Stufig-LZ/GPX12LZKLSL28D0CPLW,4761/169,0.11,80.0,20.4,14,12.0
1163,https://www.maxongroup.com/maxon/view/product/gear/planetary/GPX/GPX12/GPX12-3-Stufig-LZ/GPX12LZKLSL83D0CPLW,388125/4693,0.14,75.0,25.2,17,12.0
1164,https://www.maxongroup.com/maxon/view/product/gear/planetary/GPX/GPX13/GPX13-3-Stufig-HS/GPX13HSKLSL0125CPSC,125/1,0.15,70.0,42.4,30,13.0
1165,https://www.maxongroup.com/maxon/view/product/gear/planetary/GPX/GPX13/GPX13-1-Stufig-HS/GPX13HSKLSL05D0CPSC,5/1,0.025,85.0,30.8,21,13.0
1166,https://www.maxongroup.com/maxon/view/product/gear/planetary/GPX/GPX13/GPX13-2-Stufig-HS/GPX13HSKLSL25D0CPSC,25/1,0.06,80.0,36.6,26,13.0
1167,https://www.maxongroup.com/maxon/view/product/gear/planetary/GPX/GPX14/GPX14-3-Stufig-A/GPX14AAKLSL0103CPLW,371250/3610,0.25,75.0,25.5,21,14.0
1168,https://www.maxongroup.com/maxon/view/product/gear/planetary/GPX/GPX14/GPX14-3-Stufig-A/GPX14AAKLSL0111CPLW,357075/3211,0.25,75.0,25.5,21,14.0
1169,https://www.maxongroup.com/maxon/view/product/gear/planetary/GPX/GPX14/GPX14-3-Stufig-A/GPX14AAKLSL0138CPLW,341550/2470,0.25,75.0,25.5,21,14.0
1170,https://www.maxongroup.com/maxon/view/product/gear/planetary/GPX/GPX14/GPX14-3-Stufig-A/GPX14AAKLSL0172CPLW,326700/1900,0.25,75.0,25.5,21,14.0
1171,https://www.maxongroup.com/maxon/view/product/gear/planetary/GPX/GPX14/GPX14-3-Stufig-A/GPX14AAKLSL0186CPLW,314226/1690,0.25,75.0,25.5,21,14.0
1172,https://www.maxongroup.com/maxon/view/product/gear/planetary/GPX/GPX14/GPX14-4-Stufig-A/GPX14AAKLSL0326CPLW,29109375/89167,0.3,65.0,30.3,23,14.0
1173,https://www.maxongroup.com/maxon/view/product/gear/planetary/GPX/GPX14/GPX14-4-Stufig-A/GPX14AAKLSL0406CPLW,27843750/68590,0.3,65.0,30.3,23,14.0
1174,https://www.maxongroup.com/maxon/view/product/gear/planetary/GPX/GPX14/GPX14-4-Stufig-A/GPX14AAKLSL0439CPLW,26780625/61009,0.3,65.0,30.3,23,14.0
1175,https://www.maxongroup.com/maxon/view/product/gear/planetary/GPX/GPX14/GPX14-4-Stufig-A/GPX14AAKLSL0546CPLW,25616250/46930,0.3,65.0,30.3,23,14.0
1176,https://www.maxongroup.com/maxon/view/product/gear/planetary/GPX/GPX14/GPX14-4-Stufig-A/GPX14AAKLSL0590CPLW,24638175/41743,0.3,65.0,30.3,23,14.0
1177,https://www.maxongroup.com/maxon/view/product/gear/planetary/GPX/GPX14/GPX14-1-Stufig-A/GPX14AAKLSL05D3CPLW,69/13,0.16,90.0,15.7,14,14.0
1178,https://www.maxongroup.com/maxon/view/product/gear/planetary/GPX/GPX14/GPX14-4-Stufig-A/GPX14AAKLSL0679CPLW,24502500/36100,0.3,65.0,30.3,23,14.0
1179,https://www.maxongroup.com/maxon/view/product/gear/planetary/GPX/GPX14/GPX14-4-Stufig-A/GPX14AAKLSL0794CPLW,22667121/28561,0.3,65.0,30.3,23,14.0
1180,https://www.maxongroup.com/maxon/view/product/gear/planetary/GPX/GPX14/GPX14-4-Stufig-A/GPX14AAKLSL0913CPLW,22542300/24700,0.3,65.0,30.3,23,14.0
1181,https://www.maxongroup.com/maxon/view/product/gear/planetary/GPX/GPX14/GPX14-4-Stufig-A/GPX14AAKLSL0987CPLW,21681594/21970,0.3,65.0,30.3,23,14.0
1182,https://www.maxongroup.com/maxon/view/product/gear/planetary/GPX/GPX14/GPX14-4-Stufig-A/GPX14AAKLSL1135CPLW,21562200/19000,0.3,65.0,30.3,23,14.0
1183,https://www.maxongroup.com/maxon/view/product/gear/planetary/GPX/GPX14/GPX14-4-Stufig-A/GPX14AAKLSL1227CPLW,20738916/16900,0.3,65.0,30.3,23,14.0
1184,https://www.maxongroup.com/maxon/view/product/gear/planetary/GPX/GPX14/GPX14-2-Stufig-A/GPX14AAKLSL21D0CPLW,5175/247,0.2,80.0,20.8,19,14.0
1185,https://www.maxongroup.com/maxon/view/product/gear/planetary/GPX/GPX14/GPX14-2-Stufig-A/GPX14AAKLSL28D0CPLW,4761/169,0.2,80.0,20.8,19,14.0
1186,https://www.maxongroup.com/maxon/view/product/gear/planetary/GPX/GPX14/GPX14-3-Stufig-A/GPX14AAKLSL83D0CPLW,388125/4693,0.25,75.0,25.5,21,14.0
1187,https://www.maxongroup.com/maxon/view/product/gear/planetary/GPX/GPX14/GPX14-3-Stufig-C/GPX14CAKLSL0103CPLW,371250/3610,0.33,75.0,25.5,21,14.0
1188,https://www.maxongroup.com/maxon/view/product/gear/planetary/GPX/GPX14/GPX14-3-Stufig-C/GPX14CAKLSL0111CPLW,357075/3211,0.33,75.0,25.5,21,14.0
1189,https://www.maxongroup.com/maxon/view/product/gear/planetary/GPX/GPX14/GPX14-3-Stufig-C/GPX14CAKLSL0138CPLW,341550/2470,0.33,75.0,25.5,21,14.0
1190,https://www.maxongroup.com/maxon/view/product/gear/planetary/GPX/GPX14/GPX14-3-Stufig-C/GPX14CAKLSL0172CPLW,326700/1900,0.33,75.0,25.5,21,14.0
1191,https://www.maxongroup.com/maxon/view/product/gear/planetary/GPX/GPX14/GPX14-3-Stufig-C/GPX14CAKLSL0186CPLW,314226/1690,0.33,75.0,25.5,21,14.0
1192,https://www.maxongroup.com/maxon/view/product/gear/planetary/GPX/GPX14/GPX14-4-Stufig-C/GPX14CAKLSL0326CPLW,29109375/89167,0.4,65.0,30.3,23,14.0
1193,https://www.maxongroup.com/maxon/view/product/gear/planetary/GPX/GPX14/GPX14-4-Stufig-C/GPX14CAKLSL0406CPLW,27843750/68590,0.4,65.0,30.3,23,14.0
1194,https://www.maxongroup.com/maxon/view/product/gear/planetary/GPX/GPX14/GPX14-4-Stufig-C/GPX14CAKLSL0439CPLW,26780625/61009,0.4,65.0,30.3,23,14.0
1195,https://www.maxongroup.com/maxon/view/product/gear/planetary/GPX/GPX14/GPX14-4-Stufig-C/GPX14CAKLSL0546CPLW,25616250/46930,0.4,65.0,30.3,23,14.0
1196,https://www.maxongroup.com/maxon/view/product/gear/planetary/GPX/GPX14/GPX14-4-Stufig-C/GPX14CAKLSL0590CPLW,24638175/41743,0.4,65.0,30.3,23,14.0
1197,https://www.maxongroup.com/maxon/view/product/gear/planetary/GPX/GPX14/GPX14-1-Stufig-C/GPX14CAKLSL05D3CPLW,69/13,0.21,90.0,15.7,14,14.0
1198,https://www.maxongroup.com/maxon/view/product/gear/planetary/GPX/GPX14/GPX14-4-Stufig-C/GPX14CAKLSL0679CPLW,24502500/36100,0.4,65.0,30.3,23,14.0
1199,https://www.maxongroup.com/maxon/view/product/gear/planetary/GPX/GPX14/GPX14-4-Stufig-C/GPX14CAKLSL0794CPLW,22667121/28561,0.4,65.0,30.3,23,14.0
1200,https://www.maxongroup.com/maxon/view/product/gear/planetary/GPX/GPX14/GPX14-4-Stufig-C/GPX14CAKLSL0913CPLW,22542300/24700,0.4,65.0,30.3,23,14.0
1201,https://www.maxongroup.com/maxon/view/product/gear/planetary/GPX/GPX14/GPX14-4-Stufig-C/GPX14CAKLSL0987CPLW,21681594/21970,0.4,65.0,30.3,23,14.0
1202,https://www.maxongroup.com/maxon/view/product/gear/planetary/GPX/GPX14/GPX14-4-Stufig-C/GPX14CAKLSL1135CPLW,21562200/19000,0.4,65.0,30.3,23,14.0
1203,https://www.maxongroup.com/maxon/view/product/gear/planetary/GPX/GPX14/GPX14-4-Stufig-C/GPX14CAKLSL1227CPLW,20738916/16900,0.4,65.0,30.3,23,14.0
1204,https://www.maxongroup.com/maxon/view/product/gear/planetary/GPX/GPX14/GPX14-2-Stufig-C/GPX14CAKLSL21D0CPLW,5175/247,0.27,80.0,20.8,19,14.0
1205,https://www.maxongroup.com/maxon/view/product/gear/planetary/GPX/GPX14/GPX14-2-Stufig-C/GPX14CAKLSL28D0CPLW,4761/169,0.27,80.0,20.8,19,14.0
1206,https://www.maxongroup.com/maxon/view/product/gear/planetary/GPX/GPX14/GPX14-3-Stufig-C/GPX14CAKLSL83D0CPLW,388125/4693,0.33,75.0,25.5,21,14.0
1207,https://www.maxongroup.com/maxon/view/product/gear/planetary/GPX/GPX14/GPX14-3-Stufig-HP/GPX14HPKLSL0103CPLW,371250/3610,0.4,65.0,29.0,25,14.0
1208,https://www.maxongroup.com/maxon/view/product/gear/planetary/GPX/GPX14/GPX14-3-Stufig-HP/GPX14HPKLSL0111CPLW,357075/3211,0.4,65.0,29.0,25,14.0
1209,https://www.maxongroup.com/maxon/view/product/gear/planetary/GPX/GPX14/GPX14-3-Stufig-HP/GPX14HPKLSL0138CPLW,341550/2470,0.4,65.0,29.0,25,14.0
1210,https://www.maxongroup.com/maxon/view/product/gear/planetary/GPX/GPX14/GPX14-3-Stufig-HP/GPX14HPKLSL0172CPLW,326700/1900,0.4,65.0,29.0,25,14.0
1211,https://www.maxongroup.com/maxon/view/product/gear/planetary/GPX/GPX14/GPX14-3-Stufig-HP/GPX14HPKLSL0186CPLW,314226/1690,0.4,65.0,29.0,25,14.0
1212,https://www.maxongroup.com/maxon/view/product/gear/planetary/GPX/GPX14/GPX14-4-Stufig-HP/GPX14HPKLSL0326CPLW,29109375/89167,0.5,55.0,33.7,27,14.0
1213,https://www.maxongroup.com/maxon/view/product/gear/planetary/GPX/GPX14/GPX14-4-Stufig-HP/GPX14HPKLSL0406CPLW,27843750/68590,0.5,55.0,33.7,27,14.0
1214,https://www.maxongroup.com/maxon/view/product/gear/planetary/GPX/GPX14/GPX14-4-Stufig-HP/GPX14HPKLSL0439CPLW,26780625/61009,0.5,55.0,33.7,27,14.0
1215,https://www.maxongroup.com/maxon/view/product/gear/planetary/GPX/GPX14/GPX14-4-Stufig-HP/GPX14HPKLSL0546CPLW,25616250/46930,0.5,55.0,33.7,27,14.0
1216,https://www.maxongroup.com/maxon/view/product/gear/planetary/GPX/GPX14/GPX14-4-Stufig-HP/GPX14HPKLSL0590CPLW,24638175/41743,0.5,55.0,33.7,27,14.0
1217,https://www.maxongroup.com/maxon/view/product/gear/planetary/GPX/GPX14/GPX14-4-Stufig-HP/GPX14HPKLSL0679CPLW,24502500/36100,0.5,55.0,33.7,27,14.0
1218,https://www.maxongroup.com/maxon/view/product/gear/planetary/GPX/GPX14/GPX14-4-Stufig-HP/GPX14HPKLSL0794CPLW,22667121/28561,0.5,55.0,33.7,27,14.0
1219,https://www.maxongroup.com/maxon/view/product/gear/planetary/GPX/GPX14/GPX14-4-Stufig-HP/GPX14HPKLSL0913CPLW,22542300/24700,0.5,55.0,33.7,27,14.0
1220,https://www.maxongroup.com/maxon/view/product/gear/planetary/GPX/GPX14/GPX14-4-Stufig-HP/GPX14HPKLSL0987CPLW,21681594/21970,0.5,55.0,33.7,27,14.0
1221,https://www.maxongroup.com/maxon/view/product/gear/planetary/GPX/GPX14/GPX14-4-Stufig-HP/GPX14HPKLSL1135CPLW,21562200/19000,0.5,55.0,33.7,27,14.0
1222,https://www.maxongroup.com/maxon/view/product/gear/planetary/GPX/GPX14/GPX14-4-Stufig-HP/GPX14HPKLSL1227CPLW,20738916/16900,0.5,55.0,33.7,27,14.0
1223,https://www.maxongroup.com/maxon/view/product/gear/planetary/GPX/GPX14/GPX14-2-Stufig-HP/GPX14HPKLSL21D0CPLW,5175/247,0.3,75.0,23.9,21,14.0
1224,https://www.maxongroup.com/maxon/view/product/gear/planetary/GPX/GPX14/GPX14-2-Stufig-HP/GPX14HPKLSL28D0CPLW,4761/169,0.3,75.0,23.9,21,14.0
1225,https://www.maxongroup.com/maxon/view/product/gear/planetary/GPX/GPX14/GPX14-3-Stufig-HP/GPX14HPKLSL83D0CPLW,388125/4693,0.4,65.0,29.0,25,14.0
1226,https://www.maxongroup.com/maxon/view/product/gear/planetary/GPX/GPX14/GPX14-3-Stufig-LN/GPX14LNKLSL0103CPLW,371250/3610,0.2,75.0,25.5,21,14.0
1227,https://www.maxongroup.com/maxon/view/product/gear/planetary/GPX/GPX14/GPX14-3-Stufig-LN/GPX14LNKLSL0111CPLW,357075/3211,0.2,75.0,25.5,21,14.0
1228,https://www.maxongroup.com/maxon/view/product/gear/planetary/GPX/GPX14/GPX14-3-Stufig-LN/GPX14LNKLSL0138CPLW,341550/2470,0.2,75.0,25.5,21,14.0
1229,https://www.maxongroup.com/maxon/view/product/gear/planetary/GPX/GPX14/GPX14-3-Stufig-LN/GPX14LNKLSL0172CPLW,326700/1900,0.2,75.0,25.5,21,14.0
1230,https://www.maxongroup.com/maxon/view/product/gear/planetary/GPX/GPX14/GPX14-3-Stufig-LN/GPX14LNKLSL0186CPLW,314226/1690,0.2,75.0,25.5,21,14.0
1231,https://www.maxongroup.com/maxon/view/product/gear/planetary/GPX/GPX14/GPX14-4-Stufig-LN/GPX14LNKLSL0326CPLW,29109375/89167,0.24,65.0,30.3,23,14.0
1232,https://www.maxongroup.com/maxon/view/product/gear/planetary/GPX/GPX14/GPX14-4-Stufig-LN/GPX14LNKLSL0406CPLW,27843750/68590,0.24,65.0,30.3,23,14.0
1233,https://www.maxongroup.com/maxon/view/product/gear/planetary/GPX/GPX14/GPX14-4-Stufig-LN/GPX14LNKLSL0439CPLW,26780625/61009,0.24,65.0,30.3,23,14.0
1234,https://www.maxongroup.com/maxon/view/product/gear/planetary/GPX/GPX14/GPX14-4-Stufig-LN/GPX14LNKLSL0546CPLW,25616250/46930,0.24,65.0,30.3,23,14.0
1235,https://www.maxongroup.com/maxon/view/product/gear/planetary/GPX/GPX14/GPX14-4-Stufig-LN/GPX14LNKLSL0590CPLW,24638175/41743,0.24,65.0,30.3,23,14.0
1236,https://www.maxongroup.com/maxon/view/product/gear/planetary/GPX/GPX14/GPX14-1-Stufig-LN/GPX14LNKLSL05D3CPLW,69/13,0.13,90.0,15.7,14,14.0
1237,https://www.maxongroup.com/maxon/view/product/gear/planetary/GPX/GPX14/GPX14-4-Stufig-LN/GPX14LNKLSL0679CPLW,24502500/36100,0.24,65.0,30.3,23,14.0
1238,https://www.maxongroup.com/maxon/view/product/gear/planetary/GPX/GPX14/GPX14-4-Stufig-LN/GPX14LNKLSL0794CPLW,22667121/28561,0.24,65.0,30.3,23,14.0
1239,https://www.maxongroup.com/maxon/view/product/gear/planetary/GPX/GPX14/GPX14-4-Stufig-LN/GPX14LNKLSL0913CPLW,22542300/24700,0.24,65.0,30.3,23,14.0
1240,https://www.maxongroup.com/maxon/view/product/gear/planetary/GPX/GPX14/GPX14-4-Stufig-LN/GPX14LNKLSL0987CPLW,21681594/21970,0.24,65.0,30.3,23,14.0
1241,https://www.maxongroup.com/maxon/view/product/gear/planetary/GPX/GPX14/GPX14-4-Stufig-LN/GPX14LNKLSL1135CPLW,21562200/19000,0.24,65.0,30.3,23,14.0
1242,https://www.maxongroup.com/maxon/view/product/gear/planetary/GPX/GPX14/GPX14-4-Stufig-LN/GPX14LNKLSL1227CPLW,20738916/16900,0.24,65.0,30.3,23,14.0
1243,https://www.maxongroup.com/maxon/view/product/gear/planetary/GPX/GPX14/GPX14-2-Stufig-LN/GPX14LNKLSL21D0CPLW,5175/247,0.16,80.0,20.8,19,14.0
1244,https://www.maxongroup.com/maxon/view/product/gear/planetary/GPX/GPX14/GPX14-2-Stufig-LN/GPX14LNKLSL28D0CPLW,4761/169,0.16,80.0,20.8,19,14.0
1245,https://www.maxongroup.com/maxon/view/product/gear/planetary/GPX/GPX14/GPX14-3-Stufig-LN/GPX14LNKLSL83D0CPLW,388125/4693,0.2,75.0,25.5,21,14.0
1246,https://www.maxongroup.com/maxon/view/product/gear/planetary/GPX/GPX14/GPX14-3-Stufig-LZ/GPX14LZKLSL0103CPLW,371250/3610,0.25,75.0,25.5,21,14.0
1247,https://www.maxongroup.com/maxon/view/product/gear/planetary/GPX/GPX14/GPX14-3-Stufig-LZ/GPX14LZKLSL0111CPLW,357075/3211,0.25,75.0,25.5,21,14.0
1248,https://www.maxongroup.com/maxon/view/product/gear/planetary/GPX/GPX14/GPX14-3-Stufig-LZ/GPX14LZKLSL0138CPLW,341550/2470,0.25,75.0,25.5,21,14.0
1249,https://www.maxongroup.com/maxon/view/product/gear/planetary/GPX/GPX14/GPX14-3-Stufig-LZ/GPX14LZKLSL0172CPLW,326700/1900,0.25,75.0,25.5,21,14.0
1250,https://www.maxongroup.com/maxon/view/product/gear/planetary/GPX/GPX14/GPX14-3-Stufig-LZ/GPX14LZKLSL0186CPLW,314226/1690,0.25,75.0,25.5,21,14.0
1251,https://www.maxongroup.com/maxon/view/product/gear/planetary/GPX/GPX14/GPX14-4-Stufig-LZ/GPX14LZKLSL0326CPLW,29109375/89167,0.3,65.0,30.3,23,14.0
1252,https://www.maxongroup.com/maxon/view/product/gear/planetary/GPX/GPX14/GPX14-4-Stufig-LZ/GPX14LZKLSL0406CPLW,27843750/68590,0.3,65.0,30.3,23,14.0
1253,https://www.maxongroup.com/maxon/view/product/gear/planetary/GPX/GPX14/GPX14-4-Stufig-LZ/GPX14LZKLSL0439CPLW,26780625/61009,0.3,65.0,30.3,23,14.0
1254,https://www.maxongroup.com/maxon/view/product/gear/planetary/GPX/GPX14/GPX14-4-Stufig-LZ/GPX14LZKLSL0546CPLW,25616250/46930,0.3,65.0,30.3,23,14.0
1255,https://www.maxongroup.com/maxon/view/product/gear/planetary/GPX/GPX14/GPX14-4-Stufig-LZ/GPX14LZKLSL0590CPLW,24638175/41743,0.3,65.0,30.3,23,14.0
1256,https://www.maxongroup.com/maxon/view/product/gear/planetary/GPX/GPX14/GPX14-4-Stufig-LZ/GPX14LZKLSL0679CPLW,24502500/36100,0.3,65.0,30.3,23,14.0
1257,https://www.maxongroup.com/maxon/view/product/gear/planetary/GPX/GPX14/GPX14-4-Stufig-LZ/GPX14LZKLSL0794CPLW,22667121/28561,0.3,65.0,30.3,23,14.0
1258,https://www.maxongroup.com/maxon/view/product/gear/planetary/GPX/GPX14/GPX14-4-Stufig-LZ/GPX14LZKLSL0913CPLW,22542300/24700,0.3,65.0,30.3,23,14.0
1259,https://www.maxongroup.com/maxon/view/product/gear/planetary/GPX/GPX14/GPX14-4-Stufig-LZ/GPX14LZKLSL0987CPLW,21681594/21970,0.3,65.0,30.3,23,14.0
1260,https://www.maxongroup.com/maxon/view/product/gear/planetary/GPX/GPX14/GPX14-4-Stufig-LZ/GPX14LZKLSL1135CPLW,21562200/19000,0.3,65.0,30.3,23,14.0
1261,https://www.maxongroup.com/maxon/view/product/gear/planetary/GPX/GPX14/GPX14-4-Stufig-LZ/GPX14LZKLSL1227CPLW,20738916/16900,0.3,65.0,30.3,23,14.0
1262,https://www.maxongroup.com/maxon/view/product/gear/planetary/GPX/GPX14/GPX14-2-Stufig-LZ/GPX14LZKLSL21D0CPLW,5175/247,0.2,80.0,20.8,19,14.0
1263,https://www.maxongroup.com/maxon/view/product/gear/planetary/GPX/GPX14/GPX14-2-Stufig-LZ/GPX14LZKLSL28D0CPLW,4761/169,0.2,80.0,20.8,19,14.0
1264,https://www.maxongroup.com/maxon/view/product/gear/planetary/GPX/GPX14/GPX14-3-Stufig-LZ/GPX14LZKLSL83D0CPLW,388125/4693,0.25,75.0,25.5,21,14.0
1265,https://www.maxongroup.com/maxon/view/product/gear/planetary/GPX/GPX16/GPX16-3-Stufig-A/GPX16AAKLSL0103CPLW,371250/3610,0.35,75.0,25.7,27,16.0
1266,https://www.maxongroup.com/maxon/view/product/gear/planetary/GPX/GPX16/GPX16-3-Stufig-A/GPX16AAKLSL0111CPLW,357075/3211,0.35,75.0,25.7,27,16.0
1267,https://www.maxongroup.com/maxon/view/product/gear/planetary/GPX/GPX16/GPX16-3-Stufig-A/GPX16AAKLSL0138CPLW,341550/2470,0.35,75.0,25.7,27,16.0
1268,https://www.maxongroup.com/maxon/view/product/gear/planetary/GPX/GPX16/GPX16-3-Stufig-A/GPX16AAKLSL0172CPLW,326700/1900,0.35,75.0,25.7,27,16.0
1269,https://www.maxongroup.com/maxon/view/product/gear/planetary/GPX/GPX16/GPX16-3-Stufig-A/GPX16AAKLSL0186CPLW,314226/1690,0.35,75.0,25.7,27,16.0
1270,https://www.maxongroup.com/maxon/view/product/gear/planetary/GPX/GPX16/GPX16-4-Stufig-A/GPX16AAKLSL0326CPLW,29109375/89167,0.45,65.0,30.5,31,16.0
1271,https://www.maxongroup.com/maxon/view/product/gear/planetary/GPX/GPX16/GPX16-4-Stufig-A/GPX16AAKLSL0406CPLW,27843750/68590,0.45,65.0,30.5,31,16.0
1272,https://www.maxongroup.com/maxon/view/product/gear/planetary/GPX/GPX16/GPX16-4-Stufig-A/GPX16AAKLSL0439CPLW,26780625/61009,0.45,65.0,30.5,31,16.0
1273,https://www.maxongroup.com/maxon/view/product/gear/planetary/GPX/GPX16/GPX16-4-Stufig-A/GPX16AAKLSL0546CPLW,25616250/46930,0.45,65.0,30.5,31,16.0
1274,https://www.maxongroup.com/maxon/view/product/gear/planetary/GPX/GPX16/GPX16-4-Stufig-A/GPX16AAKLSL0590CPLW,24638175/41743,0.45,65.0,30.5,31,16.0
1275,https://www.maxongroup.com/maxon/view/product/gear/planetary/GPX/GPX16/GPX16-1-Stufig-A/GPX16AAKLSL05D3CPLW,69/13,0.2,90.0,15.8,20,16.0
1276,https://www.maxongroup.com/maxon/view/product/gear/planetary/GPX/GPX16/GPX16-4-Stufig-A/GPX16AAKLSL0679CPLW,24502500/36100,0.45,65.0,30.5,31,16.0
1277,https://www.maxongroup.com/maxon/view/product/gear/planetary/GPX/GPX16/GPX16-4-Stufig-A/GPX16AAKLSL0794CPLW,22667121/28561,0.45,65.0,30.5,31,16.0
1278,https://www.maxongroup.com/maxon/view/product/gear/planetary/GPX/GPX16/GPX16-4-Stufig-A/GPX16AAKLSL0913CPLW,22542300/24700,0.45,65.0,30.5,31,16.0
1279,https://www.maxongroup.com/maxon/view/product/gear/planetary/GPX/GPX16/GPX16-4-Stufig-A/GPX16AAKLSL0987CPLW,21681594/21970,0.45,65.0,30.5,31,16.0
1280,https://www.maxongroup.com/maxon/view/product/gear/planetary/GPX/GPX16/GPX16-4-Stufig-A/GPX16AAKLSL1135CPLW,21562200/19000,0.45,65.0,30.5,31,16.0
1281,https://www.maxongroup.com/maxon/view/product/gear/planetary/GPX/GPX16/GPX16-4-Stufig-A/GPX16AAKLSL1227CPLW,20738916/16900,0.45,65.0,30.5,31,16.0
1282,https://www.maxongroup.com/maxon/view/product/gear/planetary/GPX/GPX16/GPX16-2-Stufig-A/GPX16AAKLSL21D0CPLW,5175/247,0.25,80.0,20.8,25,16.0
1283,https://www.maxongroup.com/maxon/view/product/gear/planetary/GPX/GPX16/GPX16-2-Stufig-A/GPX16AAKLSL28D0CPLW,4761/169,0.25,80.0,20.8,25,16.0
1284,https://www.maxongroup.com/maxon/view/product/gear/planetary/GPX/GPX16/GPX16-2-Stufig-A/GPX16AAKLSL35D0CPLW,4554/130,0.25,80.0,20.8,25,16.0
1285,https://www.maxongroup.com/maxon/view/product/gear/planetary/GPX/GPX16/GPX16-3-Stufig-A/GPX16AAKLSL83D0CPLW,388125/4693,0.35,75.0,25.7,27,16.0
1286,https://www.maxongroup.com/maxon/view/product/gear/planetary/GPX/GPX16/GPX16-3-Stufig-C/GPX16CAKLSL0103CPLW,371250/3610,0.47,75.0,25.7,27,16.0
1287,https://www.maxongroup.com/maxon/view/product/gear/planetary/GPX/GPX16/GPX16-3-Stufig-C/GPX16CAKLSL0111CPLW,357075/3211,0.47,75.0,25.7,27,16.0
1288,https://www.maxongroup.com/maxon/view/product/gear/planetary/GPX/GPX16/GPX16-3-Stufig-C/GPX16CAKLSL0138CPLW,341550/2470,0.47,75.0,25.7,27,16.0
1289,https://www.maxongroup.com/maxon/view/product/gear/planetary/GPX/GPX16/GPX16-3-Stufig-C/GPX16CAKLSL0172CPLW,326700/1900,0.47,75.0,25.7,27,16.0
1290,https://www.maxongroup.com/maxon/view/product/gear/planetary/GPX/GPX16/GPX16-3-Stufig-C/GPX16CAKLSL0186CPLW,314226/1690,0.47,75.0,25.7,27,16.0
1291,https://www.maxongroup.com/maxon/view/product/gear/planetary/GPX/GPX16/GPX16-4-Stufig-C/GPX16CAKLSL0326CPLW,29109375/89167,0.6,65.0,30.5,31,16.0
1292,https://www.maxongroup.com/maxon/view/product/gear/planetary/GPX/GPX16/GPX16-4-Stufig-C/GPX16CAKLSL0406CPLW,27843750/68590,0.6,65.0,30.5,31,16.0
1293,https://www.maxongroup.com/maxon/view/product/gear/planetary/GPX/GPX16/GPX16-4-Stufig-C/GPX16CAKLSL0439CPLW,26780625/61009,0.6,65.0,30.5,31,16.0
1294,https://www.maxongroup.com/maxon/view/product/gear/planetary/GPX/GPX16/GPX16-4-Stufig-C/GPX16CAKLSL0546CPLW,25616250/46930,0.6,65.0,30.5,31,16.0
1295,https://www.maxongroup.com/maxon/view/product/gear/planetary/GPX/GPX16/GPX16-4-Stufig-C/GPX16CAKLSL0590CPLW,24638175/41743,0.6,65.0,30.5,31,16.0
1296,https://www.maxongroup.com/maxon/view/product/gear/planetary/GPX/GPX16/GPX16-1-Stufig-C/GPX16CAKLSL05D3CPLW,69/13,0.27,90.0,15.8,20,16.0
1297,https://www.maxongroup.com/maxon/view/product/gear/planetary/GPX/GPX16/GPX16-4-Stufig-C/GPX16CAKLSL0679CPLW,24502500/36100,0.6,65.0,30.5,31,16.0
1298,https://www.maxongroup.com/maxon/view/product/gear/planetary/GPX/GPX16/GPX16-4-Stufig-C/GPX16CAKLSL0794CPLW,22667121/28561,0.6,65.0,30.5,31,16.0
1299,https://www.maxongroup.com/maxon/view/product/gear/planetary/GPX/GPX16/GPX16-4-Stufig-C/GPX16CAKLSL0913CPLW,22542300/24700,0.6,65.0,30.5,31,16.0
1300,https://www.maxongroup.com/maxon/view/product/gear/planetary/GPX/GPX16/GPX16-4-Stufig-C/GPX16CAKLSL0987CPLW,21681594/21970,0.6,65.0,30.5,31,16.0
1301,https://www.maxongroup.com/maxon/view/product/gear/planetary/GPX/GPX16/GPX16-4-Stufig-C/GPX16CAKLSL1135CPLW,21562200/19000,0.6,65.0,30.5,31,16.0
1302,https://www.maxongroup.com/maxon/view/product/gear/planetary/GPX/GPX16/GPX16-4-Stufig-C/GPX16CAKLSL1227CPLW,20738916/16900,0.6,65.0,30.5,31,16.0
1303,https://www.maxongroup.com/maxon/view/product/gear/planetary/GPX/GPX16/GPX16-2-Stufig-C/GPX16CAKLSL21D0CPLW,5175/247,0.33,80.0,20.8,25,16.0
1304,https://www.maxongroup.com/maxon/view/product/gear/planetary/GPX/GPX16/GPX16-2-Stufig-C/GPX16CAKLSL28D0CPLW,4761/169,0.33,80.0,20.8,25,16.0
1305,https://www.maxongroup.com/maxon/view/product/gear/planetary/GPX/GPX16/GPX16-2-Stufig-C/GPX16CAKLSL35D0CPLW,4554/130,0.33,80.0,20.8,25,16.0
1306,https://www.maxongroup.com/maxon/view/product/gear/planetary/GPX/GPX16/GPX16-3-Stufig-C/GPX16CAKLSL83D0CPLW,388125/4693,0.47,75.0,25.7,27,16.0
1307,https://www.maxongroup.com/maxon/view/product/gear/planetary/GPX/GPX16/GPX16-3-Stufig-HP/GPX16HPKLSL0103CPLW,371250/3610,0.8,65.0,30.9,37,16.0
1308,https://www.maxongroup.com/maxon/view/product/gear/planetary/GPX/GPX16/GPX16-3-Stufig-HP/GPX16HPKLSL0111CPLW,357075/3211,0.8,65.0,30.9,37,16.0
1309,https://www.maxongroup.com/maxon/view/product/gear/planetary/GPX/GPX16/GPX16-3-Stufig-HP/GPX16HPKLSL0138CPLW,341550/2470,0.8,65.0,30.9,37,16.0
1310,https://www.maxongroup.com/maxon/view/product/gear/planetary/GPX/GPX16/GPX16-3-Stufig-HP/GPX16HPKLSL0172CPLW,326700/1900,0.8,65.0,30.9,37,16.0
1311,https://www.maxongroup.com/maxon/view/product/gear/planetary/GPX/GPX16/GPX16-3-Stufig-HP/GPX16HPKLSL0186CPLW,314226/1690,0.8,65.0,30.9,37,16.0
1312,https://www.maxongroup.com/maxon/view/product/gear/planetary/GPX/GPX16/GPX16-4-Stufig-HP/GPX16HPKLSL0326CPLW,29109375/89167,0.9,55.0,35.7,39,16.0
1313,https://www.maxongroup.com/maxon/view/product/gear/planetary/GPX/GPX16/GPX16-4-Stufig-HP/GPX16HPKLSL0406CPLW,27843750/68590,0.9,55.0,35.7,39,16.0
1314,https://www.maxongroup.com/maxon/view/product/gear/planetary/GPX/GPX16/GPX16-4-Stufig-HP/GPX16HPKLSL0439CPLW,26780625/61009,0.9,55.0,35.7,39,16.0
1315,https://www.maxongroup.com/maxon/view/product/gear/planetary/GPX/GPX16/GPX16-4-Stufig-HP/GPX16HPKLSL0546CPLW,25616250/46930,0.9,55.0,35.7,39,16.0
1316,https://www.maxongroup.com/maxon/view/product/gear/planetary/GPX/GPX16/GPX16-4-Stufig-HP/GPX16HPKLSL0590CPLW,24638175/41743,0.9,55.0,35.7,39,16.0
1317,https://www.maxongroup.com/maxon/view/product/gear/planetary/GPX/GPX16/GPX16-4-Stufig-HP/GPX16HPKLSL0679CPLW,24502500/36100,0.9,55.0,35.7,39,16.0
1318,https://www.maxongroup.com/maxon/view/product/gear/planetary/GPX/GPX16/GPX16-4-Stufig-HP/GPX16HPKLSL0794CPLW,22667121/28561,0.9,55.0,35.7,39,16.0
1319,https://www.maxongroup.com/maxon/view/product/gear/planetary/GPX/GPX16/GPX16-4-Stufig-HP/GPX16HPKLSL0913CPLW,22542300/24700,0.9,55.0,35.7,39,16.0
1320,https://www.maxongroup.com/maxon/view/product/gear/planetary/GPX/GPX16/GPX16-4-Stufig-HP/GPX16HPKLSL0987CPLW,21681594/21970,0.9,55.0,35.7,39,16.0
1321,https://www.maxongroup.com/maxon/view/product/gear/planetary/GPX/GPX16/GPX16-4-Stufig-HP/GPX16HPKLSL1135CPLW,21562200/19000,0.9,55.0,35.7,39,16.0
1322,https://www.maxongroup.com/maxon/view/product/gear/planetary/GPX/GPX16/GPX16-4-Stufig-HP/GPX16HPKLSL1227CPLW,20738916/16900,0.9,55.0,35.7,39,16.0
1323,https://www.maxongroup.com/maxon/view/product/gear/planetary/GPX/GPX16/GPX16-2-Stufig-HP/GPX16HPKLSL21D0CPLW,5175/247,0.55,75.0,25.9,32,16.0
1324,https://www.maxongroup.com/maxon/view/product/gear/planetary/GPX/GPX16/GPX16-2-Stufig-HP/GPX16HPKLSL28D0CPLW,4761/169,0.55,75.0,25.9,32,16.0
1325,https://www.maxongroup.com/maxon/view/product/gear/planetary/GPX/GPX16/GPX16-2-Stufig-HP/GPX16HPKLSL35D0CPLW,4554/130,0.55,75.0,25.9,32,16.0
1326,https://www.maxongroup.com/maxon/view/product/gear/planetary/GPX/GPX16/GPX16-3-Stufig-HP/GPX16HPKLSL83D0CPLW,388125/4693,0.8,65.0,30.9,37,16.0
1327,https://www.maxongroup.com/maxon/view/product/gear/planetary/GPX/GPX16/GPX16-1-Stufig-HS/GPX16HSKLSL05D3CPSC,69/13,0.045,85.0,27.7,27,16.0
1328,https://www.maxongroup.com/maxon/view/product/gear/planetary/GPX/GPX16/GPX16-2-Stufig-HS/GPX16HSKLSL21D0CPSC,5175/247,0.11,80.0,35.1,35,16.0
1329,https://www.maxongroup.com/maxon/view/product/gear/planetary/GPX/GPX16/GPX16-2-Stufig-HS/GPX16HSKLSL28D0CPSC,4761/169,0.11,80.0,35.1,35,16.0
1330,https://www.maxongroup.com/maxon/view/product/gear/planetary/GPX/GPX16/GPX16-2-Stufig-HS/GPX16HSKLSL35D0CPSC,4554/130,0.11,80.0,35.1,35,16.0
1331,https://www.maxongroup.com/maxon/view/product/gear/planetary/GPX/GPX16/GPX16-3-Stufig-LN/GPX16LNKLSL0103CPLW,371250/3610,0.28,75.0,25.7,27,16.0
1332,https://www.maxongroup.com/maxon/view/product/gear/planetary/GPX/GPX16/GPX16-3-Stufig-LN/GPX16LNKLSL0111CPLW,357075/3211,0.28,75.0,25.7,27,16.0
1333,https://www.maxongroup.com/maxon/view/product/gear/planetary/GPX/GPX16/GPX16-3-Stufig-LN/GPX16LNKLSL0138CPLW,341550/2470,0.28,75.0,25.7,27,16.0
1334,https://www.maxongroup.com/maxon/view/product/gear/planetary/GPX/GPX16/GPX16-3-Stufig-LN/GPX16LNKLSL0172CPLW,326700/1900,0.28,75.0,25.7,27,16.0
1335,https://www.maxongroup.com/maxon/view/product/gear/planetary/GPX/GPX16/GPX16-3-Stufig-LN/GPX16LNKLSL0186CPLW,314226/1690,0.28,75.0,25.7,27,16.0
1336,https://www.maxongroup.com/maxon/view/product/gear/planetary/GPX/GPX16/GPX16-4-Stufig-LN/GPX16LNKLSL0326CPLW,29109375/89167,0.36,65.0,30.5,31,16.0
1337,https://www.maxongroup.com/maxon/view/product/gear/planetary/GPX/GPX16/GPX16-4-Stufig-LN/GPX16LNKLSL0406CPLW,27843750/68590,0.36,65.0,30.5,31,16.0
1338,https://www.maxongroup.com/maxon/view/product/gear/planetary/GPX/GPX16/GPX16-4-Stufig-LN/GPX16LNKLSL0439CPLW,26780625/61009,0.36,65.0,30.5,31,16.0
1339,https://www.maxongroup.com/maxon/view/product/gear/planetary/GPX/GPX16/GPX16-4-Stufig-LN/GPX16LNKLSL0546CPLW,25616250/46930,0.36,65.0,30.5,31,16.0
1340,https://www.maxongroup.com/maxon/view/product/gear/planetary/GPX/GPX16/GPX16-4-Stufig-LN/GPX16LNKLSL0590CPLW,24638175/41743,0.36,65.0,30.5,31,16.0
1341,https://www.maxongroup.com/maxon/view/product/gear/planetary/GPX/GPX16/GPX16-1-Stufig-LN/GPX16LNKLSL05D3CPLW,69/13,0.16,90.0,15.8,20,16.0
1342,https://www.maxongroup.com/maxon/view/product/gear/planetary/GPX/GPX16/GPX16-4-Stufig-LN/GPX16LNKLSL0679CPLW,24502500/36100,0.36,65.0,30.5,31,16.0
1343,https://www.maxongroup.com/maxon/view/product/gear/planetary/GPX/GPX16/GPX16-4-Stufig-LN/GPX16LNKLSL0794CPLW,22667121/28561,0.36,65.0,30.5,31,16.0
1344,https://www.maxongroup.com/maxon/view/product/gear/planetary/GPX/GPX16/GPX16-4-Stufig-LN/GPX16LNKLSL0913CPLW,22542300/24700,0.36,65.0,30.5,31,16.0
1345,https://www.maxongroup.com/maxon/view/product/gear/planetary/GPX/GPX16/GPX16-4-Stufig-LN/GPX16LNKLSL0987CPLW,21681594/21970,0.36,65.0,30.5,31,16.0
1346,https://www.maxongroup.com/maxon/view/product/gear/planetary/GPX/GPX16/GPX16-4-Stufig-LN/GPX16LNKLSL1135CPLW,21562200/19000,0.36,65.0,30.5,31,16.0
1347,https://www.maxongroup.com/maxon/view/product/gear/planetary/GPX/GPX16/GPX16-4-Stufig-LN/GPX16LNKLSL1227CPLW,20738916/16900,0.36,65.0,30.5,31,16.0
1348,https://www.maxongroup.com/maxon/view/product/gear/planetary/GPX/GPX16/GPX16-2-Stufig-LN/GPX16LNKLSL21D0CPLW,5175/247,0.2,80.0,20.8,25,16.0
1349,https://www.maxongroup.com/maxon/view/product/gear/planetary/GPX/GPX16/GPX16-2-Stufig-LN/GPX16LNKLSL28D0CPLW,4761/169,0.2,80.0,20.8,25,16.0
1350,https://www.maxongroup.com/maxon/view/product/gear/planetary/GPX/GPX16/GPX16-2-Stufig-LN/GPX16LNKLSL35D0CPLW,4554/130,0.2,80.0,20.8,25,16.0
1351,https://www.maxongroup.com/maxon/view/product/gear/planetary/GPX/GPX16/GPX16-3-Stufig-LN/GPX16LNKLSL83D0CPLW,388125/4693,0.28,75.0,25.7,27,16.0
1352,https://www.maxongroup.com/maxon/view/product/gear/planetary/GPX/GPX16/GPX16-3-Stufig-LZ/GPX16LZKLSL0103CPLW,371250/3610,0.35,75.0,25.7,27,16.0
1353,https://www.maxongroup.com/maxon/view/product/gear/planetary/GPX/GPX16/GPX16-3-Stufig-LZ/GPX16LZKLSL0111CPLW,357075/3211,0.35,75.0,25.7,27,16.0
1354,https://www.maxongroup.com/maxon/view/product/gear/planetary/GPX/GPX16/GPX16-3-Stufig-LZ/GPX16LZKLSL0138CPLW,341550/2470,0.35,75.0,25.7,27,16.0
1355,https://www.maxongroup.com/maxon/view/product/gear/planetary/GPX/GPX16/GPX16-3-Stufig-LZ/GPX16LZKLSL0172CPLW,326700/1900,0.35,75.0,25.7,27,16.0
1356,https://www.maxongroup.com/maxon/view/product/gear/planetary/GPX/GPX16/GPX16-3-Stufig-LZ/GPX16LZKLSL0186CPLW,314226/1690,0.35,75.0,25.7,27,16.0
1357,https://www.maxongroup.com/maxon/view/product/gear/planetary/GPX/GPX16/GPX16-4-Stufig-LZ/GPX16LZKLSL0326CPLW,29109375/89167,0.45,65.0,30.5,31,16.0
1358,https://www.maxongroup.com/maxon/view/product/gear/planetary/GPX/GPX16/GPX16-4-Stufig-LZ/GPX16LZKLSL0406CPLW,27843750/68590,0.45,65.0,30.5,31,16.0
1359,https://www.maxongroup.com/maxon/view/product/gear/planetary/GPX/GPX16/GPX16-4-Stufig-LZ/GPX16LZKLSL0439CPLW,26780625/61009,0.45,65.0,30.5,31,16.0
1360,https://www.maxongroup.com/maxon/view/product/gear/planetary/GPX/GPX16/GPX16-4-Stufig-LZ/GPX16LZKLSL0546CPLW,25616250/46930,0.45,65.0,30.5,31,16.0
1361,https://www.maxongroup.com/maxon/view/product/gear/planetary/GPX/GPX16/GPX16-4-Stufig-LZ/GPX16LZKLSL0590CPLW,24638175/41743,0.45,65.0,30.5,31,16.0
1362,https://www.maxongroup.com/maxon/view/product/gear/planetary/GPX/GPX16/GPX16-4-Stufig-LZ/GPX16LZKLSL0679CPLW,24502500/36100,0.45,65.0,30.5,31,16.0
1363,https://www.maxongroup.com/maxon/view/product/gear/planetary/GPX/GPX16/GPX16-4-Stufig-LZ/GPX16LZKLSL0794CPLW,22667121/28561,0.45,65.0,30.5,31,16.0
1364,https://www.maxongroup.com/maxon/view/product/gear/planetary/GPX/GPX16/GPX16-4-Stufig-LZ/GPX16LZKLSL0913CPLW,22542300/24700,0.45,65.0,30.5,31,16.0
1365,https://www.maxongroup.com/maxon/view/product/gear/planetary/GPX/GPX16/GPX16-4-Stufig-LZ/GPX16LZKLSL0987CPLW,21681594/21970,0.45,65.0,30.5,31,16.0
1366,https://www.maxongroup.com/maxon/view/product/gear/planetary/GPX/GPX16/GPX16-4-Stufig-LZ/GPX16LZKLSL1135CPLW,21562200/19000,0.45,65.0,30.5,31,16.0
1367,https://www.maxongroup.com/maxon/view/product/gear/planetary/GPX/GPX16/GPX16-4-Stufig-LZ/GPX16LZKLSL1227CPLW,20738916/16900,0.45,65.0,30.5,31,16.0
1368,https://www.maxongroup.com/maxon/view/product/gear/planetary/GPX/GPX16/GPX16-2-Stufig-LZ/GPX16LZKLSL21D0CPLW,5175/247,0.25,80.0,20.8,25,16.0
1369,https://www.maxongroup.com/maxon/view/product/gear/planetary/GPX/GPX16/GPX16-2-Stufig-LZ/GPX16LZKLSL28D0CPLW,4761/169,0.25,80.0,20.8,25,16.0
1370,https://www.maxongroup.com/maxon/view/product/gear/planetary/GPX/GPX16/GPX16-3-Stufig-LZ/GPX16LZKLSL83D0CPLW,388125/4693,0.35,75.0,25.7,27,16.0
1371,https://www.maxongroup.com/maxon/view/product/gear/planetary/GPX/GPX16/GPX16-1-Stufig-M1/GPX16M1KLSL05D3CPSC,69/13,0.045,85.0,35.3,37,16.0
1372,https://www.maxongroup.com/maxon/view/product/gear/planetary/GPX/GPX16/GPX16-2-Stufig-M1/GPX16M1KLSL21D0CPSC,5175/247,0.11,80.0,42.7,45,16.0
1373,https://www.maxongroup.com/maxon/view/product/gear/planetary/GPX/GPX16/GPX16-2-Stufig-M1/GPX16M1KLSL28D0CPSC,4761/169,0.11,80.0,42.7,45,16.0
1374,https://www.maxongroup.com/maxon/view/product/gear/planetary/GPX/GPX16/GPX16-2-Stufig-M1/GPX16M1KLSL35D0CPSC,4554/130,0.11,80.0,42.7,45,16.0
1375,https://www.maxongroup.com/maxon/view/product/gear/planetary/GPX/GPX16/GPX16-3-Stufig-HP-STES/GPX16M2KLSL0103CPLW,371250/3610,0.8,65.0,39.7,47,16.0
1376,https://www.maxongroup.com/maxon/view/product/gear/planetary/GPX/GPX16/GPX16-3-Stufig-HP-STES/GPX16M2KLSL0111CPLW,357075/3211,0.8,65.0,39.7,47,16.0
1377,https://www.maxongroup.com/maxon/view/product/gear/planetary/GPX/GPX16/GPX16-3-Stufig-HP-STES/GPX16M2KLSL0138CPLW,341550/2470,0.8,65.0,39.7,47,16.0
1378,https://www.maxongroup.com/maxon/view/product/gear/planetary/GPX/GPX16/GPX16-3-Stufig-HP-STES/GPX16M2KLSL0172CPLW,326700/1900,0.8,65.0,39.7,47,16.0
1379,https://www.maxongroup.com/maxon/view/product/gear/planetary/GPX/GPX16/GPX16-3-Stufig-HP-STES/GPX16M2KLSL0186CPLW,314226/1690,0.8,65.0,39.7,47,16.0
1380,https://www.maxongroup.com/maxon/view/product/gear/planetary/GPX/GPX16/GPX16-1-Stufig-HP-STES/GPX16M2KLSL05D3CPLW,69/13,0.4,85.0,27.8,36,16.0
1381,https://www.maxongroup.com/maxon/view/product/gear/planetary/GPX/GPX16/GPX16-2-Stufig-HP-STES/GPX16M2KLSL21D0CPLW,5175/247,0.55,75.0,34.7,42,16.0
1382,https://www.maxongroup.com/maxon/view/product/gear/planetary/GPX/GPX16/GPX16-2-Stufig-HP-STES/GPX16M2KLSL28D0CPLW,4761/169,0.55,75.0,34.7,42,16.0
1383,https://www.maxongroup.com/maxon/view/product/gear/planetary/GPX/GPX16/GPX16-2-Stufig-HP-STES/GPX16M2KLSL35D0CPLW,4554/130,0.55,75.0,34.7,42,16.0
1384,https://www.maxongroup.com/maxon/view/product/gear/planetary/GPX/GPX16/GPX16-3-Stufig-HP-STES/GPX16M2KLSL83D0CPLW,388125/4693,0.8,65.0,39.7,47,16.0
1385,https://www.maxongroup.com/maxon/view/product/gear/planetary/GPX/GPX19/GPX19-3-Stufig-A/GPX19AAKLSL0103CPLW,371250/3610,0.65,75.0,27.0,43,19.0
1386,https://www.maxongroup.com/maxon/view/product/gear/planetary/GPX/GPX19/GPX19-3-Stufig-A/GPX19AAKLSL0111CPLW,357075/3211,0.65,75.0,27.0,43,19.0
1387,https://www.maxongroup.com/maxon/view/product/gear/planetary/GPX/GPX19/GPX19-3-Stufig-A/GPX19AAKLSL0138CPLW,341550/2470,0.65,75.0,27.0,43,19.0
1388,https://www.maxongroup.com/maxon/view/product/gear/planetary/GPX/GPX19/GPX19-3-Stufig-A/GPX19AAKLSL0172CPLW,326700/1900,0.65,75.0,27.0,43,19.0
1389,https://www.maxongroup.com/maxon/view/product/gear/planetary/GPX/GPX19/GPX19-3-Stufig-A/GPX19AAKLSL0186CPLW,314226/1690,0.65,75.0,27.0,43,19.0
1390,https://www.maxongroup.com/maxon/view/product/gear/planetary/GPX/GPX19/GPX19-4-Stufig-A/GPX19AAKLSL0326CPLW,29109375/89167,0.8,65.0,36.2,55,19.0
1391,https://www.maxongroup.com/maxon/view/product/gear/planetary/GPX/GPX19/GPX19-4-Stufig-A/GPX19AAKLSL0406CPLW,27843750/68590,0.8,65.0,36.2,55,19.0
1392,https://www.maxongroup.com/maxon/view/product/gear/planetary/GPX/GPX19/GPX19-4-Stufig-A/GPX19AAKLSL0439CPLW,26780625/61009,0.8,65.0,36.2,55,19.0
1393,https://www.maxongroup.com/maxon/view/product/gear/planetary/GPX/GPX19/GPX19-4-Stufig-A/GPX19AAKLSL0546CPLW,25616250/46930,0.8,65.0,36.2,55,19.0
1394,https://www.maxongroup.com/maxon/view/product/gear/planetary/GPX/GPX19/GPX19-4-Stufig-A/GPX19AAKLSL0590CPLW,24638175/41743,0.8,65.0,36.2,55,19.0
1395,https://www.maxongroup.com/maxon/view/product/gear/planetary/GPX/GPX19/GPX19-1-Stufig-A/GPX19AAKLSL05D3CPLW,69/13,0.35,90.0,16.9,30,19.0
1396,https://www.maxongroup.com/maxon/view/product/gear/planetary/GPX/GPX19/GPX19-4-Stufig-A/GPX19AAKLSL0679CPLW,24502500/36100,0.8,65.0,36.2,55,19.0
1397,https://www.maxongroup.com/maxon/view/product/gear/planetary/GPX/GPX19/GPX19-4-Stufig-A/GPX19AAKLSL0794CPLW,22667121/28561,0.8,65.0,31.0,55,19.0
1398,https://www.maxongroup.com/maxon/view/product/gear/planetary/GPX/GPX19/GPX19-4-Stufig-A/GPX19AAKLSL0913CPLW,22542300/24700,0.8,65.0,36.2,55,19.0
1399,https://www.maxongroup.com/maxon/view/product/gear/planetary/GPX/GPX19/GPX19-4-Stufig-A/GPX19AAKLSL0987CPLW,21681594/21970,0.8,65.0,36.2,55,19.0
1400,https://www.maxongroup.com/maxon/view/product/gear/planetary/GPX/GPX19/GPX19-4-Stufig-A/GPX19AAKLSL1135CPLW,21562200/19000,0.8,65.0,36.2,55,19.0
1401,https://www.maxongroup.com/maxon/view/product/gear/planetary/GPX/GPX19/GPX19-4-Stufig-A/GPX19AAKLSL1227CPLW,20738916/16900,0.8,65.0,36.2,55,19.0
1402,https://www.maxongroup.com/maxon/view/product/gear/planetary/GPX/GPX19/GPX19-2-Stufig-A/GPX19AAKLSL21D0CPLW,5175/247,0.45,80.0,22.9,40,19.0
1403,https://www.maxongroup.com/maxon/view/product/gear/planetary/GPX/GPX19/GPX19-2-Stufig-A/GPX19AAKLSL28D0CPLW,4761/169,0.45,80.0,22.9,40,19.0
1404,https://www.maxongroup.com/maxon/view/product/gear/planetary/GPX/GPX19/GPX19-3-Stufig-A/GPX19AAKLSL83D0CPLW,388125/4693,0.65,75.0,27.0,43,19.0
1405,https://www.maxongroup.com/maxon/view/product/gear/planetary/GPX/GPX19/GPX19-3-Stufig-C/GPX19CAKLSL0103CPLW,371250/3610,0.86,75.0,27.0,43,19.0
1406,https://www.maxongroup.com/maxon/view/product/gear/planetary/GPX/GPX19/GPX19-3-Stufig-C/GPX19CAKLSL0111CPLW,357075/3211,0.86,75.0,27.0,43,19.0
1407,https://www.maxongroup.com/maxon/view/product/gear/planetary/GPX/GPX19/GPX19-3-Stufig-C/GPX19CAKLSL0138CPLW,341550/2470,0.86,75.0,27.0,43,19.0
1408,https://www.maxongroup.com/maxon/view/product/gear/planetary/GPX/GPX19/GPX19-3-Stufig-C/GPX19CAKLSL0172CPLW,326700/1900,0.86,75.0,27.0,43,19.0
1409,https://www.maxongroup.com/maxon/view/product/gear/planetary/GPX/GPX19/GPX19-3-Stufig-C/GPX19CAKLSL0186CPLW,314226/1690,0.86,75.0,27.0,43,19.0
1410,https://www.maxongroup.com/maxon/view/product/gear/planetary/GPX/GPX19/GPX19-4-Stufig-C/GPX19CAKLSL0326CPLW,29109375/89167,1.05,65.0,36.2,55,19.0
1411,https://www.maxongroup.com/maxon/view/product/gear/planetary/GPX/GPX19/GPX19-4-Stufig-C/GPX19CAKLSL0406CPLW,27843750/68590,1.05,65.0,36.2,55,19.0
1412,https://www.maxongroup.com/maxon/view/product/gear/planetary/GPX/GPX19/GPX19-4-Stufig-C/GPX19CAKLSL0439CPLW,26780625/61009,1.05,65.0,36.2,55,19.0
1413,https://www.maxongroup.com/maxon/view/product/gear/planetary/GPX/GPX19/GPX19-4-Stufig-C/GPX19CAKLSL0546CPLW,25616250/46930,1.05,65.0,36.2,55,19.0
1414,https://www.maxongroup.com/maxon/view/product/gear/planetary/GPX/GPX19/GPX19-4-Stufig-C/GPX19CAKLSL0590CPLW,24638175/41743,1.05,65.0,36.2,55,19.0
1415,https://www.maxongroup.com/maxon/view/product/gear/planetary/GPX/GPX19/GPX19-1-Stufig-C/GPX19CAKLSL05D3CPLW,69/13,0.47,90.0,16.9,30,19.0
1416,https://www.maxongroup.com/maxon/view/product/gear/planetary/GPX/GPX19/GPX19-4-Stufig-C/GPX19CAKLSL0679CPLW,24502500/36100,1.05,65.0,36.2,55,19.0
1417,https://www.maxongroup.com/maxon/view/product/gear/planetary/GPX/GPX19/GPX19-4-Stufig-C/GPX19CAKLSL0794CPLW,22667121/28561,1.05,65.0,31.0,55,19.0
1418,https://www.maxongroup.com/maxon/view/product/gear/planetary/GPX/GPX19/GPX19-4-Stufig-C/GPX19CAKLSL0913CPLW,22542300/24700,1.05,65.0,36.2,55,19.0
1419,https://www.maxongroup.com/maxon/view/product/gear/planetary/GPX/GPX19/GPX19-4-Stufig-C/GPX19CAKLSL0987CPLW,21681594/21970,1.05,65.0,36.2,55,19.0
1420,https://www.maxongroup.com/maxon/view/product/gear/planetary/GPX/GPX19/GPX19-4-Stufig-C/GPX19CAKLSL1135CPLW,21562200/19000,1.05,65.0,36.2,55,19.0
1421,https://www.maxongroup.com/maxon/view/product/gear/planetary/GPX/GPX19/GPX19-4-Stufig-C/GPX19CAKLSL1227CPLW,20738916/16900,1.05,65.0,36.2,55,19.0
1422,https://www.maxongroup.com/maxon/view/product/gear/planetary/GPX/GPX19/GPX19-2-Stufig-C/GPX19CAKLSL21D0CPLW,5175/247,0.6,80.0,22.9,40,19.0
1423,https://www.maxongroup.com/maxon/view/product/gear/planetary/GPX/GPX19/GPX19-2-Stufig-C/GPX19CAKLSL28D0CPLW,4761/169,0.6,80.0,22.9,40,19.0
1424,https://www.maxongroup.com/maxon/view/product/gear/planetary/GPX/GPX19/GPX19-3-Stufig-C/GPX19CAKLSL83D0CPLW,388125/4693,0.86,75.0,27.0,43,19.0
1425,https://www.maxongroup.com/maxon/view/product/gear/planetary/GPX/GPX19/GPX19-3-Stufig-HP/GPX19HPKLSL0103CPLW,371250/3610,1.6,65.0,37.0,61,19.0
1426,https://www.maxongroup.com/maxon/view/product/gear/planetary/GPX/GPX19/GPX19-3-Stufig-HP/GPX19HPKLSL0111CPLW,357075/3211,1.6,65.0,37.0,61,19.0
1427,https://www.maxongroup.com/maxon/view/product/gear/planetary/GPX/GPX19/GPX19-3-Stufig-HP/GPX19HPKLSL0138CPLW,341550/2470,1.6,65.0,37.0,61,19.0
1428,https://www.maxongroup.com/maxon/view/product/gear/planetary/GPX/GPX19/GPX19-3-Stufig-HP/GPX19HPKLSL0172CPLW,326700/1900,1.6,65.0,37.0,61,19.0
1429,https://www.maxongroup.com/maxon/view/product/gear/planetary/GPX/GPX19/GPX19-3-Stufig-HP/GPX19HPKLSL0186CPLW,314226/1690,1.6,65.0,37.0,61,19.0
1430,https://www.maxongroup.com/maxon/view/product/gear/planetary/GPX/GPX19/GPX19-4-Stufig-HP/GPX19HPKLSL0326CPLW,29109375/89167,2.0,55.0,41.0,63,19.0
1431,https://www.maxongroup.com/maxon/view/product/gear/planetary/GPX/GPX19/GPX19-4-Stufig-HP/GPX19HPKLSL0406CPLW,27843750/68590,2.0,55.0,41.0,63,19.0
1432,https://www.maxongroup.com/maxon/view/product/gear/planetary/GPX/GPX19/GPX19-4-Stufig-HP/GPX19HPKLSL0439CPLW,26780625/61009,2.0,55.0,41.0,63,19.0
1433,https://www.maxongroup.com/maxon/view/product/gear/planetary/GPX/GPX19/GPX19-4-Stufig-HP/GPX19HPKLSL0546CPLW,25616250/46930,2.0,55.0,41.0,63,19.0
1434,https://www.maxongroup.com/maxon/view/product/gear/planetary/GPX/GPX19/GPX19-4-Stufig-HP/GPX19HPKLSL0590CPLW,24638175/41743,2.0,55.0,41.0,63,19.0
1435,https://www.maxongroup.com/maxon/view/product/gear/planetary/GPX/GPX19/GPX19-4-Stufig-HP/GPX19HPKLSL0679CPLW,24502500/36100,2.0,55.0,41.0,63,19.0
1436,https://www.maxongroup.com/maxon/view/product/gear/planetary/GPX/GPX19/GPX19-4-Stufig-HP/GPX19HPKLSL0794CPLW,22667121/28561,2.0,55.0,41.0,63,19.0
1437,https://www.maxongroup.com/maxon/view/product/gear/planetary/GPX/GPX19/GPX19-4-Stufig-HP/GPX19HPKLSL0913CPLW,22542300/24700,2.0,55.0,41.0,63,19.0
1438,https://www.maxongroup.com/maxon/view/product/gear/planetary/GPX/GPX19/GPX19-4-Stufig-HP/GPX19HPKLSL0987CPLW,21681594/21970,2.0,55.0,41.0,63,19.0
1439,https://www.maxongroup.com/maxon/view/product/gear/planetary/GPX/GPX19/GPX19-4-Stufig-HP/GPX19HPKLSL1135CPLW,21562200/19000,2.0,55.0,41.0,63,19.0
1440,https://www.maxongroup.com/maxon/view/product/gear/planetary/GPX/GPX19/GPX19-4-Stufig-HP/GPX19HPKLSL1227CPLW,20738916/16900,2.0,55.0,41.0,63,19.0
1441,https://www.maxongroup.com/maxon/view/product/gear/planetary/GPX/GPX19/GPX19-2-Stufig-HP/GPX19HPKLSL21D0CPLW,5175/247,0.9,75.0,31.0,51,19.0
1442,https://www.maxongroup.com/maxon/view/product/gear/planetary/GPX/GPX19/GPX19-2-Stufig-HP/GPX19HPKLSL28D0CPLW,4761/169,0.9,75.0,31.0,51,19.0
1443,https://www.maxongroup.com/maxon/view/product/gear/planetary/GPX/GPX19/GPX19-3-Stufig-HP/GPX19HPKLSL83D0CPLW,388125/4693,1.6,65.0,37.0,61,19.0
1444,https://www.maxongroup.com/maxon/view/product/gear/planetary/GPX/GPX19/GPX19-1-Stufig-HS/GPX19HSKLSL05D3CPSC,69/13,0.08,85.0,31.4,41,19.0
1445,https://www.maxongroup.com/maxon/view/product/gear/planetary/GPX/GPX19/GPX19-2-Stufig-HS/GPX19HSKLSL21D0CPSC,5175/247,0.2,80.0,40.3,54,19.0
1446,https://www.maxongroup.com/maxon/view/product/gear/planetary/GPX/GPX19/GPX19-2-Stufig-HS/GPX19HSKLSL28D0CPSC,4761/169,0.2,80.0,40.3,54,19.0
1447,https://www.maxongroup.com/maxon/view/product/gear/planetary/GPX/GPX19/GPX19-2-Stufig-HS/GPX19HSKLSL35D0CPSC,4554/130,0.2,80.0,40.3,54,19.0
1448,https://www.maxongroup.com/maxon/view/product/gear/planetary/GPX/GPX19/GPX19-3-Stufig-LN/GPX19LNKLSL0103CPLW,371250/3610,0.52,75.0,27.0,43,19.0
1449,https://www.maxongroup.com/maxon/view/product/gear/planetary/GPX/GPX19/GPX19-3-Stufig-LN/GPX19LNKLSL0111CPLW,357075/3211,0.52,75.0,27.0,43,19.0
1450,https://www.maxongroup.com/maxon/view/product/gear/planetary/GPX/GPX19/GPX19-3-Stufig-LN/GPX19LNKLSL0138CPLW,341550/2470,0.52,75.0,27.0,43,19.0
1451,https://www.maxongroup.com/maxon/view/product/gear/planetary/GPX/GPX19/GPX19-3-Stufig-LN/GPX19LNKLSL0172CPLW,326700/1900,0.52,75.0,27.0,43,19.0
1452,https://www.maxongroup.com/maxon/view/product/gear/planetary/GPX/GPX19/GPX19-3-Stufig-LN/GPX19LNKLSL0186CPLW,314226/1690,0.52,75.0,27.0,43,19.0
1453,https://www.maxongroup.com/maxon/view/product/gear/planetary/GPX/GPX19/GPX19-4-Stufig-LN/GPX19LNKLSL0326CPLW,29109375/89167,0.64,90.0,31.0,55,19.0
1454,https://www.maxongroup.com/maxon/view/product/gear/planetary/GPX/GPX19/GPX19-4-Stufig-LN/GPX19LNKLSL0406CPLW,27843750/68590,0.64,90.0,36.2,55,19.0
1455,https://www.maxongroup.com/maxon/view/product/gear/planetary/GPX/GPX19/GPX19-4-Stufig-LN/GPX19LNKLSL0439CPLW,26780625/61009,0.64,90.0,36.2,55,19.0
1456,https://www.maxongroup.com/maxon/view/product/gear/planetary/GPX/GPX19/GPX19-4-Stufig-LN/GPX19LNKLSL0546CPLW,25616250/46930,0.64,90.0,36.2,55,19.0
1457,https://www.maxongroup.com/maxon/view/product/gear/planetary/GPX/GPX19/GPX19-4-Stufig-LN/GPX19LNKLSL0590CPLW,24638175/41743,0.64,90.0,36.2,55,19.0
1458,https://www.maxongroup.com/maxon/view/product/gear/planetary/GPX/GPX19/GPX19-1-Stufig-LN/GPX19LNKLSL05D3CPLW,69/13,0.28,90.0,16.9,30,19.0
1459,https://www.maxongroup.com/maxon/view/product/gear/planetary/GPX/GPX19/GPX19-4-Stufig-LN/GPX19LNKLSL0679CPLW,24502500/36100,0.64,90.0,36.2,55,19.0
1460,https://www.maxongroup.com/maxon/view/product/gear/planetary/GPX/GPX19/GPX19-4-Stufig-LN/GPX19LNKLSL0794CPLW,22667121/28561,0.64,90.0,31.0,55,19.0
1461,https://www.maxongroup.com/maxon/view/product/gear/planetary/GPX/GPX19/GPX19-4-Stufig-LN/GPX19LNKLSL0913CPLW,22542300/24700,0.64,90.0,36.2,55,19.0
1462,https://www.maxongroup.com/maxon/view/product/gear/planetary/GPX/GPX19/GPX19-4-Stufig-LN/GPX19LNKLSL0987CPLW,21681594/21970,0.64,90.0,36.2,55,19.0
1463,https://www.maxongroup.com/maxon/view/product/gear/planetary/GPX/GPX19/GPX19-4-Stufig-LN/GPX19LNKLSL1135CPLW,21562200/19000,0.64,90.0,36.2,55,19.0
1464,https://www.maxongroup.com/maxon/view/product/gear/planetary/GPX/GPX19/GPX19-4-Stufig-LN/GPX19LNKLSL1227CPLW,20738916/16900,0.64,90.0,36.2,55,19.0
1465,https://www.maxongroup.com/maxon/view/product/gear/planetary/GPX/GPX19/GPX19-2-Stufig-LN/GPX19LNKLSL21D0CPLW,5175/247,0.36,80.0,22.9,40,19.0
1466,https://www.maxongroup.com/maxon/view/product/gear/planetary/GPX/GPX19/GPX19-2-Stufig-LN/GPX19LNKLSL28D0CPLW,4761/169,0.36,80.0,22.9,40,19.0
1467,https://www.maxongroup.com/maxon/view/product/gear/planetary/GPX/GPX19/GPX19-3-Stufig-LN/GPX19LNKLSL83D0CPLW,388125/4693,0.52,75.0,27.0,43,19.0
1468,https://www.maxongroup.com/maxon/view/product/gear/planetary/GPX/GPX19/GPX19-3-Stufig-LZ/GPX19LZKLSL0103CPLW,371250/3610,0.65,75.0,27.0,43,19.0
1469,https://www.maxongroup.com/maxon/view/product/gear/planetary/GPX/GPX19/GPX19-3-Stufig-LZ/GPX19LZKLSL0111CPLW,357075/3211,0.65,75.0,27.0,43,19.0
1470,https://www.maxongroup.com/maxon/view/product/gear/planetary/GPX/GPX19/GPX19-3-Stufig-LZ/GPX19LZKLSL0138CPLW,341550/2470,0.65,75.0,27.0,43,19.0
1471,https://www.maxongroup.com/maxon/view/product/gear/planetary/GPX/GPX19/GPX19-3-Stufig-LZ/GPX19LZKLSL0172CPLW,326700/1900,0.65,75.0,27.0,43,19.0
1472,https://www.maxongroup.com/maxon/view/product/gear/planetary/GPX/GPX19/GPX19-3-Stufig-LZ/GPX19LZKLSL0186CPLW,314226/1690,0.65,75.0,27.0,43,19.0
1473,https://www.maxongroup.com/maxon/view/product/gear/planetary/GPX/GPX19/GPX19-4-Stufig-LZ/GPX19LZKLSL0326CPLW,29109375/89167,0.8,65.0,31.0,55,19.0
1474,https://www.maxongroup.com/maxon/view/product/gear/planetary/GPX/GPX19/GPX19-4-Stufig-LZ/GPX19LZKLSL0406CPLW,27843750/68590,0.8,65.0,36.2,55,19.0
1475,https://www.maxongroup.com/maxon/view/product/gear/planetary/GPX/GPX19/GPX19-4-Stufig-LZ/GPX19LZKLSL0439CPLW,26780625/61009,0.8,65.0,36.2,55,19.0
1476,https://www.maxongroup.com/maxon/view/product/gear/planetary/GPX/GPX19/GPX19-4-Stufig-LZ/GPX19LZKLSL0546CPLW,25616250/46930,0.8,65.0,36.2,55,19.0
1477,https://www.maxongroup.com/maxon/view/product/gear/planetary/GPX/GPX19/GPX19-4-Stufig-LZ/GPX19LZKLSL0590CPLW,24638175/41743,0.8,65.0,36.2,55,19.0
1478,https://www.maxongroup.com/maxon/view/product/gear/planetary/GPX/GPX19/GPX19-4-Stufig-LZ/GPX19LZKLSL0679CPLW,24502500/36100,0.8,65.0,36.2,55,19.0
1479,https://www.maxongroup.com/maxon/view/product/gear/planetary/GPX/GPX19/GPX19-4-Stufig-LZ/GPX19LZKLSL0794CPLW,22667121/28561,0.8,65.0,31.0,55,19.0
1480,https://www.maxongroup.com/maxon/view/product/gear/planetary/GPX/GPX19/GPX19-4-Stufig-LZ/GPX19LZKLSL0913CPLW,22542300/24700,0.8,65.0,36.2,55,19.0
1481,https://www.maxongroup.com/maxon/view/product/gear/planetary/GPX/GPX19/GPX19-4-Stufig-LZ/GPX19LZKLSL0987CPLW,21681594/21970,0.8,65.0,36.2,55,19.0
1482,https://www.maxongroup.com/maxon/view/product/gear/planetary/GPX/GPX19/GPX19-4-Stufig-LZ/GPX19LZKLSL1135CPLW,21562200/19000,0.8,65.0,36.2,55,19.0
1483,https://www.maxongroup.com/maxon/view/product/gear/planetary/GPX/GPX19/GPX19-4-Stufig-LZ/GPX19LZKLSL1227CPLW,20738916/16900,0.8,65.0,36.2,55,19.0
1484,https://www.maxongroup.com/maxon/view/product/gear/planetary/GPX/GPX19/GPX19-2-Stufig-LZ/GPX19LZKLSL21D0CPLW,5175/247,0.45,80.0,22.9,40,19.0
1485,https://www.maxongroup.com/maxon/view/product/gear/planetary/GPX/GPX19/GPX19-2-Stufig-LZ/GPX19LZKLSL28D0CPLW,4761/169,0.45,80.0,22.9,40,19.0
1486,https://www.maxongroup.com/maxon/view/product/gear/planetary/GPX/GPX19/GPX19-3-Stufig-LZ/GPX19LZKLSL83D0CPLW,388125/4693,0.65,75.0,27.0,43,19.0
1487,https://www.maxongroup.com/maxon/view/product/gear/planetary/GPX/GPX19/GPX19-1-Stufig-M1/GPX19M1KLSL05D3CPSC,69/13,0.08,85.0,39.2,56,19.0
1488,https://www.maxongroup.com/maxon/view/product/gear/planetary/GPX/GPX19/GPX19-2-Stufig-M1/GPX19M1KLSL21D0CPSC,5175/247,0.2,80.0,48.1,69,19.0
1489,https://www.maxongroup.com/maxon/view/product/gear/planetary/GPX/GPX19/GPX19-2-Stufig-M1/GPX19M1KLSL28D0CPSC,4761/169,0.2,80.0,48.1,69,19.0
1490,https://www.maxongroup.com/maxon/view/product/gear/planetary/GPX/GPX19/GPX19-2-Stufig-M1/GPX19M1KLSL35D0CPSC,4554/130,0.2,80.0,48.1,69,19.0
1491,https://www.maxongroup.com/maxon/view/product/gear/planetary/GPX/GPX22/GPX22-3-Stufig-A/GPX22AAKLSL0103CPLW,371250/3610,1.2,74.0,32.2,67,22.0
1492,https://www.maxongroup.com/maxon/view/product/gear/planetary/GPX/GPX22/GPX22-3-Stufig-A/GPX22AAKLSL0111CPLW,357075/3211,1.2,74.0,32.2,67,22.0
1493,https://www.maxongroup.com/maxon/view/product/gear/planetary/GPX/GPX22/GPX22-3-Stufig-A/GPX22AAKLSL0138CPLW,341550/2470,1.2,74.0,32.2,67,22.0
1494,https://www.maxongroup.com/maxon/view/product/gear/planetary/GPX/GPX22/GPX22-3-Stufig-A/GPX22AAKLSL0172CPLW,326700/1900,1.2,74.0,32.2,67,22.0
1495,https://www.maxongroup.com/maxon/view/product/gear/planetary/GPX/GPX22/GPX22-3-Stufig-A/GPX22AAKLSL0186CPLW,314226/1690,1.2,74.0,32.2,67,22.0
1496,https://www.maxongroup.com/maxon/view/product/gear/planetary/GPX/GPX22/GPX22-4-Stufig-A/GPX22AAKLSL0326CPLW,29109375/89167,1.5,66.0,43.0,89,22.0
1497,https://www.maxongroup.com/maxon/view/product/gear/planetary/GPX/GPX22/GPX22-4-Stufig-A/GPX22AAKLSL0406CPLW,27843750/68590,1.5,66.0,43.0,89,22.0
1498,https://www.maxongroup.com/maxon/view/product/gear/planetary/GPX/GPX22/GPX22-4-Stufig-A/GPX22AAKLSL0439CPLW,26780625/61009,1.5,66.0,43.0,89,22.0
1499,https://www.maxongroup.com/maxon/view/product/gear/planetary/GPX/GPX22/GPX22-4-Stufig-A/GPX22AAKLSL0546CPLW,25616250/46930,1.5,66.0,43.0,89,22.0
1500,https://www.maxongroup.com/maxon/view/product/gear/planetary/GPX/GPX22/GPX22-4-Stufig-A/GPX22AAKLSL0590CPLW,24638175/41743,1.5,66.0,43.0,89,22.0
1501,https://www.maxongroup.com/maxon/view/product/gear/planetary/GPX/GPX22/GPX22-1-Stufig-A/GPX22AAKLSL05D3CPLW,69/13,0.5,90.0,19.9,45,22.0
1502,https://www.maxongroup.com/maxon/view/product/gear/planetary/GPX/GPX22/GPX22-4-Stufig-A/GPX22AAKLSL0679CPLW,24502500/36100,1.5,66.0,43.0,89,22.0
1503,https://www.maxongroup.com/maxon/view/product/gear/planetary/GPX/GPX22/GPX22-4-Stufig-A/GPX22AAKLSL0794CPLW,22667121/28561,1.5,66.0,43.0,89,22.0
1504,https://www.maxongroup.com/maxon/view/product/gear/planetary/GPX/GPX22/GPX22-4-Stufig-A/GPX22AAKLSL0913CPLW,22542300/24700,1.5,66.0,43.0,89,22.0
1505,https://www.maxongroup.com/maxon/view/product/gear/planetary/GPX/GPX22/GPX22-4-Stufig-A/GPX22AAKLSL0987CPLW,21681594/21970,1.5,66.0,43.0,89,22.0
1506,https://www.maxongroup.com/maxon/view/product/gear/planetary/GPX/GPX22/GPX22-4-Stufig-A/GPX22AAKLSL1135CPLW,21562200/19000,1.5,66.0,43.0,89,22.0
1507,https://www.maxongroup.com/maxon/view/product/gear/planetary/GPX/GPX22/GPX22-4-Stufig-A/GPX22AAKLSL1227CPLW,20738916/16900,1.5,66.0,43.0,89,22.0
1508,https://www.maxongroup.com/maxon/view/product/gear/planetary/GPX/GPX22/GPX22-2-Stufig-A/GPX22AAKLSL21D0CPLW,5175/247,0.7,81.0,26.4,58,22.0
1509,https://www.maxongroup.com/maxon/view/product/gear/planetary/GPX/GPX22/GPX22-2-Stufig-A/GPX22AAKLSL28D0CPLW,4761/169,0.7,81.0,26.4,58,22.0
1510,https://www.maxongroup.com/maxon/view/product/gear/planetary/GPX/GPX22/GPX22-2-Stufig-A/GPX22AAKLSL35D0CPLW,4554/130,0.7,81.0,26.4,58,22.0
1511,https://www.maxongroup.com/maxon/view/product/gear/planetary/GPX/GPX22/GPX22-3-Stufig-A/GPX22AAKLSL83D0CPLW,388125/4693,1.2,74.0,32.2,67,22.0
1512,https://www.maxongroup.com/maxon/view/product/gear/planetary/GPX/GPX22/GPX22-3-Stufig-C/GPX22CAKLSL0103CPLW,371250/3610,1.6,74.0,32.2,67,22.0
1513,https://www.maxongroup.com/maxon/view/product/gear/planetary/GPX/GPX22/GPX22-3-Stufig-C/GPX22CAKLSL0111CPLW,357075/3211,1.6,74.0,32.2,67,22.0
1514,https://www.maxongroup.com/maxon/view/product/gear/planetary/GPX/GPX22/GPX22-3-Stufig-C/GPX22CAKLSL0138CPLW,341550/2470,1.6,74.0,32.2,67,22.0
1515,https://www.maxongroup.com/maxon/view/product/gear/planetary/GPX/GPX22/GPX22-3-Stufig-C/GPX22CAKLSL0172CPLW,326700/1900,1.6,74.0,32.2,67,22.0
1516,https://www.maxongroup.com/maxon/view/product/gear/planetary/GPX/GPX22/GPX22-3-Stufig-C/GPX22CAKLSL0186CPLW,314226/1690,1.6,74.0,32.2,67,22.0
1517,https://www.maxongroup.com/maxon/view/product/gear/planetary/GPX/GPX22/GPX22-4-Stufig-C/GPX22CAKLSL0326CPLW,29109375/89167,2.0,66.0,43.0,89,22.0
1518,https://www.maxongroup.com/maxon/view/product/gear/planetary/GPX/GPX22/GPX22-4-Stufig-C/GPX22CAKLSL0406CPLW,27843750/68590,2.0,66.0,43.0,89,22.0
1519,https://www.maxongroup.com/maxon/view/product/gear/planetary/GPX/GPX22/GPX22-4-Stufig-C/GPX22CAKLSL0439CPLW,26780625/61009,2.0,66.0,43.0,89,22.0
1520,https://www.maxongroup.com/maxon/view/product/gear/planetary/GPX/GPX22/GPX22-4-Stufig-C/GPX22CAKLSL0546CPLW,25616250/46930,2.0,66.0,43.0,89,22.0
1521,https://www.maxongroup.com/maxon/view/product/gear/planetary/GPX/GPX22/GPX22-4-Stufig-C/GPX22CAKLSL0590CPLW,24638175/41743,2.0,66.0,43.0,89,22.0
1522,https://www.maxongroup.com/maxon/view/product/gear/planetary/GPX/GPX22/GPX22-1-Stufig-C/GPX22CAKLSL05D3CPLW,69/13,0.7,90.0,19.9,45,22.0
1523,https://www.maxongroup.com/maxon/view/product/gear/planetary/GPX/GPX22/GPX22-4-Stufig-C/GPX22CAKLSL0679CPLW,24502500/36100,2.0,66.0,43.0,89,22.0
1524,https://www.maxongroup.com/maxon/view/product/gear/planetary/GPX/GPX22/GPX22-4-Stufig-C/GPX22CAKLSL0794CPLW,22667121/28561,2.0,66.0,43.0,89,22.0
1525,https://www.maxongroup.com/maxon/view/product/gear/planetary/GPX/GPX22/GPX22-4-Stufig-C/GPX22CAKLSL0913CPLW,22542300/24700,2.0,66.0,43.0,89,22.0
1526,https://www.maxongroup.com/maxon/view/product/gear/planetary/GPX/GPX22/GPX22-4-Stufig-C/GPX22CAKLSL0987CPLW,21681594/21970,2.0,66.0,43.0,89,22.0
1527,https://www.maxongroup.com/maxon/view/product/gear/planetary/GPX/GPX22/GPX22-4-Stufig-C/GPX22CAKLSL1135CPLW,21562200/19000,2.0,66.0,43.0,89,22.0
1528,https://www.maxongroup.com/maxon/view/product/gear/planetary/GPX/GPX22/GPX22-4-Stufig-C/GPX22CAKLSL1227CPLW,20738916/16900,2.0,66.0,43.0,89,22.0
1529,https://www.maxongroup.com/maxon/view/product/gear/planetary/GPX/GPX22/GPX22-2-Stufig-C/GPX22CAKLSL21D0CPLW,5175/247,0.9,81.0,26.4,58,22.0
1530,https://www.maxongroup.com/maxon/view/product/gear/planetary/GPX/GPX22/GPX22-2-Stufig-C/GPX22CAKLSL28D0CPLW,4761/169,0.9,81.0,26.4,58,22.0
1531,https://www.maxongroup.com/maxon/view/product/gear/planetary/GPX/GPX22/GPX22-2-Stufig-C/GPX22CAKLSL35D0CPLW,4554/130,0.9,81.0,26.4,58,22.0
1532,https://www.maxongroup.com/maxon/view/product/gear/planetary/GPX/GPX22/GPX22-3-Stufig-C/GPX22CAKLSL83D0CPLW,388125/4693,1.6,74.0,32.2,67,22.0
1533,https://www.maxongroup.com/maxon/view/product/gear/planetary/GPX/GPX22/GPX22-3-Stufig-HP/GPX22HPKLSL0103CPLW,371250/3610,3.3,65.0,38.2,86,22.0
1534,https://www.maxongroup.com/maxon/view/product/gear/planetary/GPX/GPX22/GPX22-3-Stufig-HP/GPX22HPKLSL0111CPLW,357075/3211,3.3,65.0,38.2,86,22.0
1535,https://www.maxongroup.com/maxon/view/product/gear/planetary/GPX/GPX22/GPX22-3-Stufig-HP/GPX22HPKLSL0138CPLW,341550/2470,3.3,65.0,38.2,86,22.0
1536,https://www.maxongroup.com/maxon/view/product/gear/planetary/GPX/GPX22/GPX22-3-Stufig-HP/GPX22HPKLSL0172CPLW,326700/1900,3.3,65.0,38.2,86,22.0
1537,https://www.maxongroup.com/maxon/view/product/gear/planetary/GPX/GPX22/GPX22-3-Stufig-HP/GPX22HPKLSL0186CPLW,314226/1690,3.3,65.0,38.2,86,22.0
1538,https://www.maxongroup.com/maxon/view/product/gear/planetary/GPX/GPX22/GPX22-4-Stufig-HP/GPX22HPKLSL0326CPLW,29109375/89167,3.7,55.0,44.0,95,22.0
1539,https://www.maxongroup.com/maxon/view/product/gear/planetary/GPX/GPX22/GPX22-4-Stufig-HP/GPX22HPKLSL0406CPLW,27843750/68590,3.7,55.0,44.0,95,22.0
1540,https://www.maxongroup.com/maxon/view/product/gear/planetary/GPX/GPX22/GPX22-4-Stufig-HP/GPX22HPKLSL0439CPLW,26780625/61009,3.7,55.0,44.0,95,22.0
1541,https://www.maxongroup.com/maxon/view/product/gear/planetary/GPX/GPX22/GPX22-4-Stufig-HP/GPX22HPKLSL0546CPLW,25616250/46930,3.7,55.0,44.0,95,22.0
1542,https://www.maxongroup.com/maxon/view/product/gear/planetary/GPX/GPX22/GPX22-4-Stufig-HP/GPX22HPKLSL0590CPLW,24638175/41743,3.7,55.0,44.0,95,22.0
1543,https://www.maxongroup.com/maxon/view/product/gear/planetary/GPX/GPX22/GPX22-4-Stufig-HP/GPX22HPKLSL0679CPLW,24502500/36100,3.7,55.0,44.0,95,22.0
1544,https://www.maxongroup.com/maxon/view/product/gear/planetary/GPX/GPX22/GPX22-4-Stufig-HP/GPX22HPKLSL0794CPLW,22667121/28561,3.7,55.0,44.0,95,22.0
1545,https://www.maxongroup.com/maxon/view/product/gear/planetary/GPX/GPX22/GPX22-4-Stufig-HP/GPX22HPKLSL0913CPLW,22542300/24700,3.7,55.0,44.0,95,22.0
1546,https://www.maxongroup.com/maxon/view/product/gear/planetary/GPX/GPX22/GPX22-4-Stufig-HP/GPX22HPKLSL0987CPLW,21681594/21970,3.7,55.0,44.0,95,22.0
1547,https://www.maxongroup.com/maxon/view/product/gear/planetary/GPX/GPX22/GPX22-4-Stufig-HP/GPX22HPKLSL1135CPLW,21562200/19000,3.7,55.0,44.0,95,22.0
1548,https://www.maxongroup.com/maxon/view/product/gear/planetary/GPX/GPX22/GPX22-4-Stufig-HP/GPX22HPKLSL1227CPLW,20738916/16900,3.7,55.0,44.0,95,22.0
1549,https://www.maxongroup.com/maxon/view/product/gear/planetary/GPX/GPX22/GPX22-2-Stufig-HP/GPX22HPKLSL21D0CPLW,5175/247,2.4,75.0,31.7,73,22.0
1550,https://www.maxongroup.com/maxon/view/product/gear/planetary/GPX/GPX22/GPX22-2-Stufig-HP/GPX22HPKLSL28D0CPLW,4761/169,2.4,75.0,31.7,73,22.0
1551,https://www.maxongroup.com/maxon/view/product/gear/planetary/GPX/GPX22/GPX22-2-Stufig-HP/GPX22HPKLSL35D0CPLW,4554/130,2.4,75.0,31.7,73,22.0
1552,https://www.maxongroup.com/maxon/view/product/gear/planetary/GPX/GPX22/GPX22-3-Stufig-HP/GPX22HPKLSL83D0CPLW,388125/4693,3.3,65.0,38.2,86,22.0
1553,https://www.maxongroup.com/maxon/view/product/gear/planetary/GPX/GPX22/GPX22-1-Stufig-HS/GPX22HSKLSL05D3CPSC,69/13,0.11,85.0,30.8,65,22.0
1554,https://www.maxongroup.com/maxon/view/product/gear/planetary/GPX/GPX22/GPX22-2-Stufig-HS/GPX22HSKLSL21D0CPSC,5175/247,0.27,80.0,40.9,86,22.0
1555,https://www.maxongroup.com/maxon/view/product/gear/planetary/GPX/GPX22/GPX22-2-Stufig-HS/GPX22HSKLSL28D0CPSC,4761/169,0.27,80.0,40.9,86,22.0
1556,https://www.maxongroup.com/maxon/view/product/gear/planetary/GPX/GPX22/GPX22-2-Stufig-HS/GPX22HSKLSL35D0CPSC,4554/130,0.27,80.0,40.9,86,22.0
1557,https://www.maxongroup.com/maxon/view/product/gear/planetary/GPX/GPX22/GPX22-3-Stufig-LN/GPX22LNKLSL0103CPLW,371250/3610,1.0,74.0,32.2,67,22.0
1558,https://www.maxongroup.com/maxon/view/product/gear/planetary/GPX/GPX22/GPX22-3-Stufig-LN/GPX22LNKLSL0111CPLW,357075/3211,1.0,74.0,32.2,67,22.0
1559,https://www.maxongroup.com/maxon/view/product/gear/planetary/GPX/GPX22/GPX22-3-Stufig-LN/GPX22LNKLSL0138CPLW,341550/2470,1.0,74.0,32.2,67,22.0
1560,https://www.maxongroup.com/maxon/view/product/gear/planetary/GPX/GPX22/GPX22-3-Stufig-LN/GPX22LNKLSL0172CPLW,326700/1900,1.0,74.0,32.2,67,22.0
1561,https://www.maxongroup.com/maxon/view/product/gear/planetary/GPX/GPX22/GPX22-3-Stufig-LN/GPX22LNKLSL0186CPLW,314226/1690,1.0,74.0,32.2,67,22.0
1562,https://www.maxongroup.com/maxon/view/product/gear/planetary/GPX/GPX22/GPX22-4-Stufig-LN/GPX22LNKLSL0326CPLW,29109375/89167,1.2,66.0,42.9,93,22.0
1563,https://www.maxongroup.com/maxon/view/product/gear/planetary/GPX/GPX22/GPX22-4-Stufig-LN/GPX22LNKLSL0406CPLW,27843750/68590,1.2,66.0,42.9,93,22.0
1564,https://www.maxongroup.com/maxon/view/product/gear/planetary/GPX/GPX22/GPX22-4-Stufig-LN/GPX22LNKLSL0439CPLW,26780625/61009,1.2,66.0,42.9,93,22.0
1565,https://www.maxongroup.com/maxon/view/product/gear/planetary/GPX/GPX22/GPX22-4-Stufig-LN/GPX22LNKLSL0546CPLW,25616250/46930,1.2,66.0,42.9,93,22.0
1566,https://www.maxongroup.com/maxon/view/product/gear/planetary/GPX/GPX22/GPX22-4-Stufig-LN/GPX22LNKLSL0590CPLW,24638175/41743,1.2,66.0,42.9,93,22.0
1567,https://www.maxongroup.com/maxon/view/product/gear/planetary/GPX/GPX22/GPX22-1-Stufig-LN/GPX22LNKLSL05D3CPLW,69/13,0.4,90.0,19.9,45,22.0
1568,https://www.maxongroup.com/maxon/view/product/gear/planetary/GPX/GPX22/GPX22-4-Stufig-LN/GPX22LNKLSL0679CPLW,24502500/36100,1.2,66.0,42.9,93,22.0
1569,https://www.maxongroup.com/maxon/view/product/gear/planetary/GPX/GPX22/GPX22-4-Stufig-LN/GPX22LNKLSL0794CPLW,22667121/28561,1.2,66.0,42.9,93,22.0
1570,https://www.maxongroup.com/maxon/view/product/gear/planetary/GPX/GPX22/GPX22-4-Stufig-LN/GPX22LNKLSL0913CPLW,22542300/24700,1.2,66.0,42.9,93,22.0
1571,https://www.maxongroup.com/maxon/view/product/gear/planetary/GPX/GPX22/GPX22-4-Stufig-LN/GPX22LNKLSL0987CPLW,21681594/21970,1.2,66.0,42.9,93,22.0
1572,https://www.maxongroup.com/maxon/view/product/gear/planetary/GPX/GPX22/GPX22-4-Stufig-LN/GPX22LNKLSL1135CPLW,21562200/19000,1.2,66.0,42.9,93,22.0
1573,https://www.maxongroup.com/maxon/view/product/gear/planetary/GPX/GPX22/GPX22-4-Stufig-LN/GPX22LNKLSL1227CPLW,20738916/16900,1.2,66.0,42.9,93,22.0
1574,https://www.maxongroup.com/maxon/view/product/gear/planetary/GPX/GPX22/GPX22-2-Stufig-LN/GPX22LNKLSL21D0CPLW,5175/247,0.55,81.0,26.4,58,22.0
1575,https://www.maxongroup.com/maxon/view/product/gear/planetary/GPX/GPX22/GPX22-2-Stufig-LN/GPX22LNKLSL28D0CPLW,4761/169,0.55,81.0,26.4,58,22.0
1576,https://www.maxongroup.com/maxon/view/product/gear/planetary/GPX/GPX22/GPX22-2-Stufig-LN/GPX22LNKLSL35D0CPLW,4554/130,0.55,81.0,26.4,58,22.0
1577,https://www.maxongroup.com/maxon/view/product/gear/planetary/GPX/GPX22/GPX22-3-Stufig-LN/GPX22LNKLSL83D0CPLW,388125/4693,1.0,74.0,32.2,67,22.0
1578,https://www.maxongroup.com/maxon/view/product/gear/planetary/GPX/GPX22/GPX22-3-Stufig-LZ/GPX22LZKLSL0103CPLW,371250/3610,1.2,74.0,32.2,67,22.0
1579,https://www.maxongroup.com/maxon/view/product/gear/planetary/GPX/GPX22/GPX22-3-Stufig-LZ/GPX22LZKLSL0111CPLW,357075/3211,1.2,74.0,32.2,67,22.0
1580,https://www.maxongroup.com/maxon/view/product/gear/planetary/GPX/GPX22/GPX22-3-Stufig-LZ/GPX22LZKLSL0138CPLW,341550/2470,1.2,74.0,32.2,67,22.0
1581,https://www.maxongroup.com/maxon/view/product/gear/planetary/GPX/GPX22/GPX22-3-Stufig-LZ/GPX22LZKLSL0172CPLW,326700/1900,1.2,74.0,32.2,67,22.0
1582,https://www.maxongroup.com/maxon/view/product/gear/planetary/GPX/GPX22/GPX22-3-Stufig-LZ/GPX22LZKLSL0186CPLW,314226/1690,1.2,74.0,32.2,67,22.0
1583,https://www.maxongroup.com/maxon/view/product/gear/planetary/GPX/GPX22/GPX22-4-Stufig-LZ/GPX22LZKLSL0326CPLW,29109375/89167,1.5,66.0,43.0,89,22.0
1584,https://www.maxongroup.com/maxon/view/product/gear/planetary/GPX/GPX22/GPX22-4-Stufig-LZ/GPX22LZKLSL0406CPLW,27843750/68590,1.5,66.0,43.0,89,22.0
1585,https://www.maxongroup.com/maxon/view/product/gear/planetary/GPX/GPX22/GPX22-4-Stufig-LZ/GPX22LZKLSL0439CPLW,26780625/61009,1.5,66.0,43.0,89,22.0
1586,https://www.maxongroup.com/maxon/view/product/gear/planetary/GPX/GPX22/GPX22-4-Stufig-LZ/GPX22LZKLSL0546CPLW,25616250/46930,1.5,66.0,43.0,89,22.0
1587,https://www.maxongroup.com/maxon/view/product/gear/planetary/GPX/GPX22/GPX22-4-Stufig-LZ/GPX22LZKLSL0590CPLW,24638175/41743,1.5,66.0,43.0,89,22.0
1588,https://www.maxongroup.com/maxon/view/product/gear/planetary/GPX/GPX22/GPX22-4-Stufig-LZ/GPX22LZKLSL0679CPLW,24502500/36100,1.5,66.0,43.0,89,22.0
1589,https://www.maxongroup.com/maxon/view/product/gear/planetary/GPX/GPX22/GPX22-4-Stufig-LZ/GPX22LZKLSL0794CPLW,22667121/28561,1.5,66.0,43.0,89,22.0
1590,https://www.maxongroup.com/maxon/view/product/gear/planetary/GPX/GPX22/GPX22-4-Stufig-LZ/GPX22LZKLSL0913CPLW,22542300/24700,1.5,66.0,43.0,89,22.0
1591,https://www.maxongroup.com/maxon/view/product/gear/planetary/GPX/GPX22/GPX22-4-Stufig-LZ/GPX22LZKLSL0987CPLW,21681594/21970,1.5,66.0,43.0,89,22.0
1592,https://www.maxongroup.com/maxon/view/product/gear/planetary/GPX/GPX22/GPX22-4-Stufig-LZ/GPX22LZKLSL1135CPLW,21562200/19000,1.5,66.0,43.0,89,22.0
1593,https://www.maxongroup.com/maxon/view/product/gear/planetary/GPX/GPX22/GPX22-4-Stufig-LZ/GPX22LZKLSL1227CPLW,20738916/16900,1.5,66.0,43.0,89,22.0
1594,https://www.maxongroup.com/maxon/view/product/gear/planetary/GPX/GPX22/GPX22-2-Stufig-LZ/GPX22LZKLSL21D0CPLW,5175/247,0.7,81.0,26.4,58,22.0
1595,https://www.maxongroup.com/maxon/view/product/gear/planetary/GPX/GPX22/GPX22-2-Stufig-LZ/GPX22LZKLSL28D0CPLW,4761/169,0.7,81.0,26.4,58,22.0
1596,https://www.maxongroup.com/maxon/view/product/gear/planetary/GPX/GPX22/GPX22-2-Stufig-LZ/GPX22LZKLSL35D0CPLW,4554/130,0.7,81.0,26.4,58,22.0
1597,https://www.maxongroup.com/maxon/view/product/gear/planetary/GPX/GPX22/GPX22-3-Stufig-LZ/GPX22LZKLSL83D0CPLW,388125/4693,1.2,74.0,32.2,67,22.0
1598,https://www.maxongroup.com/maxon/view/product/gear/planetary/GPX/GPX22/GPX22-2-Stufig-M1/GPX22M1KLSL21D0CPSC,5175/247,0.27,80.0,48.6,106,22.0
1599,https://www.maxongroup.com/maxon/view/product/gear/planetary/GPX/GPX22/GPX22-2-Stufig-M1/GPX22M1KLSL28D0CPSC,4761/169,0.27,80.0,48.6,106,22.0
1600,https://www.maxongroup.com/maxon/view/product/gear/planetary/GPX/GPX22/GPX22-2-Stufig-M1/GPX22M1KLSL35D0CPSC,4554/130,0.27,80.0,48.6,106,22.0
1601,https://www.maxongroup.com/maxon/view/product/gear/planetary/GPX/GPX22/GPX22-1-Stufig-HP-STES/GPX22M2KLSL05D3CPLW,69/13,0.8,85.0,29.3,78,22.0
1602,https://www.maxongroup.com/maxon/view/product/gear/planetary/GPX/GPX22/GPX22-3-Stufig-UP/GPX22UPKLSL0103CPLW,371250/3610,4.3,90.0,41.9,95,22.0
1603,https://www.maxongroup.com/maxon/view/product/gear/planetary/GPX/GPX22/GPX22-3-Stufig-UP/GPX22UPKLSL0111CPLW,357075/3211,4.3,90.0,41.9,95,22.0
1604,https://www.maxongroup.com/maxon/view/product/gear/planetary/GPX/GPX22/GPX22-3-Stufig-UP/GPX22UPKLSL0138CPLW,341550/2470,4.3,90.0,41.9,95,22.0
1605,https://www.maxongroup.com/maxon/view/product/gear/planetary/GPX/GPX22/GPX22-3-Stufig-UP/GPX22UPKLSL0172CPLW,326700/1900,4.3,90.0,41.9,95,22.0
1606,https://www.maxongroup.com/maxon/view/product/gear/planetary/GPX/GPX22/GPX22-3-Stufig-UP/GPX22UPKLSL0186CPLW,314226/1690,4.3,90.0,41.9,95,22.0
1607,https://www.maxongroup.com/maxon/view/product/gear/planetary/GPX/GPX22/GPX22-4-Stufig-UP/GPX22UPKLSL0326CPLW,29109375/89167,5.2,87.0,51.9,115,22.0
1608,https://www.maxongroup.com/maxon/view/product/gear/planetary/GPX/GPX22/GPX22-4-Stufig-UP/GPX22UPKLSL0406CPLW,27843750/68590,5.2,87.0,51.9,115,22.0
1609,https://www.maxongroup.com/maxon/view/product/gear/planetary/GPX/GPX22/GPX22-4-Stufig-UP/GPX22UPKLSL0439CPLW,26780625/61009,5.2,87.0,51.9,115,22.0
1610,https://www.maxongroup.com/maxon/view/product/gear/planetary/GPX/GPX22/GPX22-4-Stufig-UP/GPX22UPKLSL0546CPLW,25616250/46930,5.2,87.0,51.9,115,22.0
1611,https://www.maxongroup.com/maxon/view/product/gear/planetary/GPX/GPX22/GPX22-4-Stufig-UP/GPX22UPKLSL0590CPLW,24638175/41743,5.2,87.0,51.9,115,22.0
1612,https://www.maxongroup.com/maxon/view/product/gear/planetary/GPX/GPX22/GPX22-1-Stufig-UP/GPX22UPKLSL05D3CPLW,69/13,1.0,96.0,21.6,56,22.0
1613,https://www.maxongroup.com/maxon/view/product/gear/planetary/GPX/GPX22/GPX22-4-Stufig-UP/GPX22UPKLSL0679CPLW,24502500/36100,5.2,87.0,51.9,115,22.0
1614,https://www.maxongroup.com/maxon/view/product/gear/planetary/GPX/GPX22/GPX22-4-Stufig-UP/GPX22UPKLSL0794CPLW,22667121/28561,5.2,87.0,51.9,115,22.0
1615,https://www.maxongroup.com/maxon/view/product/gear/planetary/GPX/GPX22/GPX22-4-Stufig-UP/GPX22UPKLSL0913CPLW,22542300/24700,5.2,87.0,51.9,115,22.0
1616,https://www.maxongroup.com/maxon/view/product/gear/planetary/GPX/GPX22/GPX22-4-Stufig-UP/GPX22UPKLSL0987CPLW,21681594/21970,5.2,87.0,51.9,115,22.0
1617,https://www.maxongroup.com/maxon/view/product/gear/planetary/GPX/GPX22/GPX22-4-Stufig-UP/GPX22UPKLSL1135CPLW,21562200/19000,5.2,87.0,51.9,115,22.0
1618,https://www.maxongroup.com/maxon/view/product/gear/planetary/GPX/GPX22/GPX22-4-Stufig-UP/GPX22UPKLSL1227CPLW,20738916/16900,5.2,87.0,51.9,115,22.0
1619,https://www.maxongroup.com/maxon/view/product/gear/planetary/GPX/GPX22/GPX22-2-Stufig-UP/GPX22UPKLSL21D0CPLW,5175/247,2.9,93.0,31.7,78,22.0
1620,https://www.maxongroup.com/maxon/view/product/gear/planetary/GPX/GPX22/GPX22-2-Stufig-UP/GPX22UPKLSL28D0CPLW,4761/169,2.9,93.0,31.7,78,22.0
1621,https://www.maxongroup.com/maxon/view/product/gear/planetary/GPX/GPX22/GPX22-3-Stufig-UP/GPX22UPKLSL83D0CPLW,388125/4693,4.3,90.0,41.9,95,22.0
1622,https://www.maxongroup.com/maxon/view/product/gear/planetary/GPX/GPX26/GPX26-3-Stufig-A/GPX26AAKLSL0103CPLW,371250/3610,4.5,75.0,35.5,105,26.0
1623,https://www.maxongroup.com/maxon/view/product/gear/planetary/GPX/GPX26/GPX26-3-Stufig-A/GPX26AAKLSL0111CPLW,357075/3211,4.5,75.0,35.5,105,26.0
1624,https://www.maxongroup.com/maxon/view/product/gear/planetary/GPX/GPX26/GPX26-3-Stufig-A/GPX26AAKLSL0138CPLW,341550/2470,4.5,75.0,35.5,105,26.0
1625,https://www.maxongroup.com/maxon/view/product/gear/planetary/GPX/GPX26/GPX26-3-Stufig-A/GPX26AAKLSL0172CPLW,326700/1900,4.5,75.0,35.5,105,26.0
1626,https://www.maxongroup.com/maxon/view/product/gear/planetary/GPX/GPX26/GPX26-3-Stufig-A/GPX26AAKLSL0186CPLW,314226/1690,4.5,75.0,35.5,105,26.0
1627,https://www.maxongroup.com/maxon/view/product/gear/planetary/GPX/GPX26/GPX26-2-Stufig-A/GPX26AAKLSL21D0CPLW,5175/247,2.25,78.0,30.2,95,26.0
1628,https://www.maxongroup.com/maxon/view/product/gear/planetary/GPX/GPX26/GPX26-2-Stufig-A/GPX26AAKLSL28D0CPLW,4761/169,2.25,78.0,30.2,95,26.0
1629,https://www.maxongroup.com/maxon/view/product/gear/planetary/GPX/GPX26/GPX26-3-Stufig-A/GPX26AAKLSL83D0CPLW,388125/4693,4.5,75.0,35.5,105,26.0
1630,https://www.maxongroup.com/maxon/view/product/gear/planetary/GPX/GPX26/GPX26-3-Stufig-C/GPX26CAKLSL0103CPLW,371250/3610,5.0,75.0,35.5,105,26.0
1631,https://www.maxongroup.com/maxon/view/product/gear/planetary/GPX/GPX26/GPX26-3-Stufig-C/GPX26CAKLSL0111CPLW,357075/3211,5.0,75.0,35.5,105,26.0
1632,https://www.maxongroup.com/maxon/view/product/gear/planetary/GPX/GPX26/GPX26-3-Stufig-C/GPX26CAKLSL0138CPLW,341550/2470,5.0,75.0,35.5,105,26.0
1633,https://www.maxongroup.com/maxon/view/product/gear/planetary/GPX/GPX26/GPX26-3-Stufig-C/GPX26CAKLSL0172CPLW,326700/1900,5.0,75.0,35.5,105,26.0
1634,https://www.maxongroup.com/maxon/view/product/gear/planetary/GPX/GPX26/GPX26-3-Stufig-C/GPX26CAKLSL0186CPLW,314226/1690,5.0,75.0,35.5,105,26.0
1635,https://www.maxongroup.com/maxon/view/product/gear/planetary/GPX/GPX26/GPX26-2-Stufig-C/GPX26CAKLSL21D0CPLW,5175/247,2.6,78.0,30.2,95,26.0
1636,https://www.maxongroup.com/maxon/view/product/gear/planetary/GPX/GPX26/GPX26-2-Stufig-C/GPX26CAKLSL28D0CPLW,4761/169,2.6,78.0,30.2,95,26.0
1637,https://www.maxongroup.com/maxon/view/product/gear/planetary/GPX/GPX26/GPX26-3-Stufig-C/GPX26CAKLSL83D0CPLW,388125/4693,5.0,75.0,35.5,105,26.0
1638,https://www.maxongroup.com/maxon/view/product/gear/planetary/GPX/GPX26/GPX26-3-Stufig-HP/GPX26HPKLSL0103CPLW,371250/3610,5.0,65.0,47.1,144,26.0
1639,https://www.maxongroup.com/maxon/view/product/gear/planetary/GPX/GPX26/GPX26-3-Stufig-HP/GPX26HPKLSL0111CPLW,357075/3211,5.0,65.0,47.1,144,26.0
1640,https://www.maxongroup.com/maxon/view/product/gear/planetary/GPX/GPX26/GPX26-3-Stufig-HP/GPX26HPKLSL0138CPLW,341550/2470,5.0,65.0,47.1,144,26.0
1641,https://www.maxongroup.com/maxon/view/product/gear/planetary/GPX/GPX26/GPX26-3-Stufig-HP/GPX26HPKLSL0172CPLW,326700/1900,5.0,65.0,47.1,144,26.0
1642,https://www.maxongroup.com/maxon/view/product/gear/planetary/GPX/GPX26/GPX26-3-Stufig-HP/GPX26HPKLSL0186CPLW,314226/1690,5.0,65.0,47.1,144,26.0
1643,https://www.maxongroup.com/maxon/view/product/gear/planetary/GPX/GPX26/GPX26-4-Stufig-HP/GPX26HPKLSL0326CPLW,29109375/89167,6.3,55.0,52.4,153,26.0
1644,https://www.maxongroup.com/maxon/view/product/gear/planetary/GPX/GPX26/GPX26-4-Stufig-HP/GPX26HPKLSL0406CPLW,27843750/68590,6.3,55.0,52.4,153,26.0
1645,https://www.maxongroup.com/maxon/view/product/gear/planetary/GPX/GPX26/GPX26-4-Stufig-HP/GPX26HPKLSL0439CPLW,26780625/61009,6.3,55.0,52.4,153,26.0
1646,https://www.maxongroup.com/maxon/view/product/gear/planetary/GPX/GPX26/GPX26-4-Stufig-HP/GPX26HPKLSL0546CPLW,25616250/46930,6.3,55.0,52.4,153,26.0
1647,https://www.maxongroup.com/maxon/view/product/gear/planetary/GPX/GPX26/GPX26-4-Stufig-HP/GPX26HPKLSL0590CPLW,24638175/41743,6.3,55.0,52.4,153,26.0
1648,https://www.maxongroup.com/maxon/view/product/gear/planetary/GPX/GPX26/GPX26-4-Stufig-HP/GPX26HPKLSL0679CPLW,24502500/36100,6.3,55.0,52.4,153,26.0
1649,https://www.maxongroup.com/maxon/view/product/gear/planetary/GPX/GPX26/GPX26-4-Stufig-HP/GPX26HPKLSL0794CPLW,22667121/28561,6.3,55.0,52.4,153,26.0
1650,https://www.maxongroup.com/maxon/view/product/gear/planetary/GPX/GPX26/GPX26-4-Stufig-HP/GPX26HPKLSL0913CPLW,22542300/24700,6.3,55.0,52.4,153,26.0
1651,https://www.maxongroup.com/maxon/view/product/gear/planetary/GPX/GPX26/GPX26-4-Stufig-HP/GPX26HPKLSL0987CPLW,21681594/21970,6.3,55.0,52.4,153,26.0
1652,https://www.maxongroup.com/maxon/view/product/gear/planetary/GPX/GPX26/GPX26-4-Stufig-HP/GPX26HPKLSL1135CPLW,21562200/19000,6.3,55.0,52.4,153,26.0
1653,https://www.maxongroup.com/maxon/view/product/gear/planetary/GPX/GPX26/GPX26-4-Stufig-HP/GPX26HPKLSL1227CPLW,20738916/16900,6.3,55.0,52.4,153,26.0
1654,https://www.maxongroup.com/maxon/view/product/gear/planetary/GPX/GPX26/GPX26-2-Stufig-HP/GPX26HPKLSL21D0CPLW,5175/247,3.0,75.0,38.2,122,26.0
1655,https://www.maxongroup.com/maxon/view/product/gear/planetary/GPX/GPX26/GPX26-2-Stufig-HP/GPX26HPKLSL28D0CPLW,4761/169,3.0,75.0,38.2,122,26.0
1656,https://www.maxongroup.com/maxon/view/product/gear/planetary/GPX/GPX26/GPX26-3-Stufig-HP/GPX26HPKLSL83D0CPLW,388125/4693,5.0,65.0,47.1,144,26.0
1657,https://www.maxongroup.com/maxon/view/product/gear/planetary/GPX/GPX26/GPX26-3-Stufig-LN/GPX26LNKLSL0103CPLW,371250/3610,3.6,75.0,35.5,105,26.0
1658,https://www.maxongroup.com/maxon/view/product/gear/planetary/GPX/GPX26/GPX26-3-Stufig-LN/GPX26LNKLSL0111CPLW,357075/3211,3.6,75.0,35.5,105,26.0
1659,https://www.maxongroup.com/maxon/view/product/gear/planetary/GPX/GPX26/GPX26-3-Stufig-LN/GPX26LNKLSL0138CPLW,341550/2470,3.6,75.0,35.5,105,26.0
1660,https://www.maxongroup.com/maxon/view/product/gear/planetary/GPX/GPX26/GPX26-3-Stufig-LN/GPX26LNKLSL0172CPLW,326700/1900,3.6,75.0,35.5,105,26.0
1661,https://www.maxongroup.com/maxon/view/product/gear/planetary/GPX/GPX26/GPX26-3-Stufig-LN/GPX26LNKLSL0186CPLW,314226/1690,3.6,75.0,35.5,105,26.0
1662,https://www.maxongroup.com/maxon/view/product/gear/planetary/GPX/GPX26/GPX26-2-Stufig-LN/GPX26LNKLSL21D0CPLW,5175/247,1.8,78.0,30.2,95,26.0
1663,https://www.maxongroup.com/maxon/view/product/gear/planetary/GPX/GPX26/GPX26-2-Stufig-LN/GPX26LNKLSL28D0CPLW,4761/169,1.8,78.0,30.2,95,26.0
1664,https://www.maxongroup.com/maxon/view/product/gear/planetary/GPX/GPX26/GPX26-3-Stufig-LN/GPX26LNKLSL83D0CPLW,388125/4693,3.6,75.0,35.5,105,26.0
1665,https://www.maxongroup.com/maxon/view/product/gear/planetary/GPX/GPX26/GPX26-3-Stufig-LZ/GPX26LZKLSL0103CPLW,371250/3610,4.5,75.0,35.5,105,26.0
1666,https://www.maxongroup.com/maxon/view/product/gear/planetary/GPX/GPX26/GPX26-3-Stufig-LZ/GPX26LZKLSL0111CPLW,357075/3211,4.5,75.0,35.5,105,26.0
1667,https://www.maxongroup.com/maxon/view/product/gear/planetary/GPX/GPX26/GPX26-3-Stufig-LZ/GPX26LZKLSL0138CPLW,341550/2470,4.5,75.0,35.5,105,26.0
1668,https://www.maxongroup.com/maxon/view/product/gear/planetary/GPX/GPX26/GPX26-3-Stufig-LZ/GPX26LZKLSL0172CPLW,326700/1900,4.5,75.0,35.5,105,26.0
1669,https://www.maxongroup.com/maxon/view/product/gear/planetary/GPX/GPX26/GPX26-3-Stufig-LZ/GPX26LZKLSL0186CPLW,314226/1690,4.5,75.0,35.5,105,26.0
1670,https://www.maxongroup.com/maxon/view/product/gear/planetary/GPX/GPX26/GPX26-2-Stufig-LZ/GPX26LZKLSL21D0CPLW,5175/247,2.25,78.0,30.2,95,26.0
1671,https://www.maxongroup.com/maxon/view/product/gear/planetary/GPX/GPX26/GPX26-2-Stufig-LZ/GPX26LZKLSL28D0CPLW,4761/169,2.25,78.0,30.2,95,26.0
1672,https://www.maxongroup.com/maxon/view/product/gear/planetary/GPX/GPX26/GPX26-3-Stufig-LZ/GPX26LZKLSL83D0CPLW,388125/4693,4.5,75.0,35.5,105,26.0
1673,https://www.maxongroup.com/maxon/view/product/gear/planetary/GPX/GPX32/GPX32-3-Stufig-A/GPX32AAKLSL0103CPLW,371250/3610,5.0,75.0,43.9,230,32.0
1674,https://www.maxongroup.com/maxon/view/product/gear/planetary/GPX/GPX32/GPX32-3-Stufig-A/GPX32AAKLSL0111CPLW,357075/3211,5.0,75.0,43.9,230,32.0
1675,https://www.maxongroup.com/maxon/view/product/gear/planetary/GPX/GPX32/GPX32-3-Stufig-A/GPX32AAKLSL0138CPLW,341550/2470,5.0,75.0,43.9,230,32.0
1676,https://www.maxongroup.com/maxon/view/product/gear/planetary/GPX/GPX32/GPX32-3-Stufig-A/GPX32AAKLSL0172CPLW,326700/1900,5.0,75.0,43.9,230,32.0
1677,https://www.maxongroup.com/maxon/view/product/gear/planetary/GPX/GPX32/GPX32-3-Stufig-A/GPX32AAKLSL0186CPLW,314226/1690,5.0,75.0,43.9,230,32.0
1678,https://www.maxongroup.com/maxon/view/product/gear/planetary/GPX/GPX32/GPX32-2-Stufig-A/GPX32AAKLSL21D0CPLW,5175/247,2.9,78.0,36.3,185,32.0
1679,https://www.maxongroup.com/maxon/view/product/gear/planetary/GPX/GPX32/GPX32-2-Stufig-A/GPX32AAKLSL28D0CPLW,4761/169,2.9,78.0,36.3,185,32.0
1680,https://www.maxongroup.com/maxon/view/product/gear/planetary/GPX/GPX32/GPX32-3-Stufig-A/GPX32AAKLSL83D0CPLW,388125/4693,5.0,75.0,43.9,230,32.0
1681,https://www.maxongroup.com/maxon/view/product/gear/planetary/GPX/GPX32/GPX32-3-Stufig-C/GPX32CAKLSL0103CPLW,371250/3610,6.6,75.0,43.9,230,32.0
1682,https://www.maxongroup.com/maxon/view/product/gear/planetary/GPX/GPX32/GPX32-3-Stufig-C/GPX32CAKLSL0111CPLW,357075/3211,6.6,75.0,43.9,230,32.0
1683,https://www.maxongroup.com/maxon/view/product/gear/planetary/GPX/GPX32/GPX32-3-Stufig-C/GPX32CAKLSL0138CPLW,341550/2470,6.6,75.0,43.9,230,32.0
1684,https://www.maxongroup.com/maxon/view/product/gear/planetary/GPX/GPX32/GPX32-3-Stufig-C/GPX32CAKLSL0172CPLW,326700/1900,6.6,75.0,43.9,230,32.0
1685,https://www.maxongroup.com/maxon/view/product/gear/planetary/GPX/GPX32/GPX32-3-Stufig-C/GPX32CAKLSL0186CPLW,314226/1690,6.6,75.0,43.9,230,32.0
1686,https://www.maxongroup.com/maxon/view/product/gear/planetary/GPX/GPX32/GPX32-2-Stufig-C/GPX32CAKLSL21D0CPLW,5175/247,3.8,78.0,36.3,185,32.0
1687,https://www.maxongroup.com/maxon/view/product/gear/planetary/GPX/GPX32/GPX32-2-Stufig-C/GPX32CAKLSL28D0CPLW,4761/169,3.8,78.0,36.3,185,32.0
1688,https://www.maxongroup.com/maxon/view/product/gear/planetary/GPX/GPX32/GPX32-3-Stufig-C/GPX32CAKLSL83D0CPLW,388125/4693,6.6,75.0,43.9,230,32.0
1689,https://www.maxongroup.com/maxon/view/product/gear/planetary/GPX/GPX32/GPX32-3-Stufig-HP/GPX32HPKLSL0103CPLW,371250/3610,8.0,65.0,55.9,279,32.0
1690,https://www.maxongroup.com/maxon/view/product/gear/planetary/GPX/GPX32/GPX32-3-Stufig-HP/GPX32HPKLSL0111CPLW,357075/3211,8.0,65.0,55.9,279,32.0
1691,https://www.maxongroup.com/maxon/view/product/gear/planetary/GPX/GPX32/GPX32-3-Stufig-HP/GPX32HPKLSL0138CPLW,341550/2470,8.0,65.0,55.9,279,32.0
1692,https://www.maxongroup.com/maxon/view/product/gear/planetary/GPX/GPX32/GPX32-3-Stufig-HP/GPX32HPKLSL0172CPLW,326700/1900,8.0,65.0,55.9,279,32.0
1693,https://www.maxongroup.com/maxon/view/product/gear/planetary/GPX/GPX32/GPX32-3-Stufig-HP/GPX32HPKLSL0186CPLW,314226/1690,8.0,65.0,55.9,279,32.0
1694,https://www.maxongroup.com/maxon/view/product/gear/planetary/GPX/GPX32/GPX32-4-Stufig-HP/GPX32HPKLSL0326CPLW,29109375/89167,9.0,55.0,63.5,285,32.0
1695,https://www.maxongroup.com/maxon/view/product/gear/planetary/GPX/GPX32/GPX32-4-Stufig-HP/GPX32HPKLSL0406CPLW,27843750/68590,9.0,55.0,63.5,285,32.0
1696,https://www.maxongroup.com/maxon/view/product/gear/planetary/GPX/GPX32/GPX32-4-Stufig-HP/GPX32HPKLSL0439CPLW,26780625/61009,9.0,55.0,63.5,285,32.0
1697,https://www.maxongroup.com/maxon/view/product/gear/planetary/GPX/GPX32/GPX32-4-Stufig-HP/GPX32HPKLSL0546CPLW,25616250/46930,9.0,55.0,63.5,285,32.0
1698,https://www.maxongroup.com/maxon/view/product/gear/planetary/GPX/GPX32/GPX32-4-Stufig-HP/GPX32HPKLSL0590CPLW,24638175/41743,9.0,55.0,63.5,285,32.0
1699,https://www.maxongroup.com/maxon/view/product/gear/planetary/GPX/GPX32/GPX32-4-Stufig-HP/GPX32HPKLSL0679CPLW,24502500/36100,9.0,55.0,63.5,285,32.0
1700,https://www.maxongroup.com/maxon/view/product/gear/planetary/GPX/GPX32/GPX32-4-Stufig-HP/GPX32HPKLSL0794CPLW,22667121/28561,9.0,55.0,63.5,285,32.0
1701,https://www.maxongroup.com/maxon/view/product/gear/planetary/GPX/GPX32/GPX32-4-Stufig-HP/GPX32HPKLSL0913CPLW,22542300/24700,9.0,55.0,63.5,285,32.0
1702,https://www.maxongroup.com/maxon/view/product/gear/planetary/GPX/GPX32/GPX32-4-Stufig-HP/GPX32HPKLSL0987CPLW,21681594/21970,9.0,55.0,63.5,285,32.0
1703,https://www.maxongroup.com/maxon/view/product/gear/planetary/GPX/GPX32/GPX32-4-Stufig-HP/GPX32HPKLSL1135CPLW,21562200/19000,9.0,55.0,63.5,285,32.0
1704,https://www.maxongroup.com/maxon/view/product/gear/planetary/GPX/GPX32/GPX32-4-Stufig-HP/GPX32HPKLSL1227CPLW,20738916/16900,9.0,55.0,63.5,285,32.0
1705,https://www.maxongroup.com/maxon/view/product/gear/planetary/GPX/GPX32/GPX32-2-Stufig-HP/GPX32HPKLSL21D0CPLW,5175/247,4.0,76.0,46.3,236,32.0
1706,https://www.maxongroup.com/maxon/view/product/gear/planetary/GPX/GPX32/GPX32-2-Stufig-HP/GPX32HPKLSL28D0CPLW,4761/169,4.0,76.0,46.3,236,32.0
1707,https://www.maxongroup.com/maxon/view/product/gear/planetary/GPX/GPX32/GPX32-3-Stufig-HP/GPX32HPKLSL83D0CPLW,388125/4693,8.0,65.0,55.9,279,32.0
1708,https://www.maxongroup.com/maxon/view/product/gear/planetary/GPX/GPX32/GPX32-3-Stufig-LN/GPX32LNKLSL0103CPLW,371250/3610,4.0,75.0,43.9,230,32.0
1709,https://www.maxongroup.com/maxon/view/product/gear/planetary/GPX/GPX32/GPX32-3-Stufig-LN/GPX32LNKLSL0111CPLW,357075/3211,4.0,75.0,43.9,230,32.0
1710,https://www.maxongroup.com/maxon/view/product/gear/planetary/GPX/GPX32/GPX32-3-Stufig-LN/GPX32LNKLSL0138CPLW,341550/2470,4.0,75.0,43.9,230,32.0
1711,https://www.maxongroup.com/maxon/view/product/gear/planetary/GPX/GPX32/GPX32-3-Stufig-LN/GPX32LNKLSL0172CPLW,326700/1900,4.0,75.0,43.9,230,32.0
1712,https://www.maxongroup.com/maxon/view/product/gear/planetary/GPX/GPX32/GPX32-3-Stufig-LN/GPX32LNKLSL0186CPLW,314226/1690,4.0,75.0,43.9,230,32.0
1713,https://www.maxongroup.com/maxon/view/product/gear/planetary/GPX/GPX32/GPX32-2-Stufig-LN/GPX32LNKLSL21D0CPLW,5175/247,2.3,78.0,36.3,185,32.0
1714,https://www.maxongroup.com/maxon/view/product/gear/planetary/GPX/GPX32/GPX32-2-Stufig-LN/GPX32LNKLSL28D0CPLW,4761/169,2.3,78.0,36.3,185,32.0
1715,https://www.maxongroup.com/maxon/view/product/gear/planetary/GPX/GPX32/GPX32-3-Stufig-LN/GPX32LNKLSL83D0CPLW,388125/4693,4.0,75.0,43.9,230,32.0
1716,https://www.maxongroup.com/maxon/view/product/gear/planetary/GPX/GPX32/GPX32-3-Stufig-LZ/GPX32LZKLSL0103CPLW,371250/3610,5.0,75.0,43.9,230,32.0
1717,https://www.maxongroup.com/maxon/view/product/gear/planetary/GPX/GPX32/GPX32-3-Stufig-LZ/GPX32LZKLSL0111CPLW,357075/3211,5.0,75.0,43.9,230,32.0
1718,https://www.maxongroup.com/maxon/view/product/gear/planetary/GPX/GPX32/GPX32-3-Stufig-LZ/GPX32LZKLSL0138CPLW,341550/2470,5.0,75.0,43.9,230,32.0
1719,https://www.maxongroup.com/maxon/view/product/gear/planetary/GPX/GPX32/GPX32-3-Stufig-LZ/GPX32LZKLSL0172CPLW,326700/1900,5.0,75.0,43.9,230,32.0
1720,https://www.maxongroup.com/maxon/view/product/gear/planetary/GPX/GPX32/GPX32-3-Stufig-LZ/GPX32LZKLSL0186CPLW,314226/1690,5.0,75.0,43.9,230,32.0
1721,https://www.maxongroup.com/maxon/view/product/gear/planetary/GPX/GPX32/GPX32-2-Stufig-LZ/GPX32LZKLSL21D0CPLW,5175/247,2.9,78.0,36.3,185,32.0
1722,https://www.maxongroup.com/maxon/view/product/gear/planetary/GPX/GPX32/GPX32-2-Stufig-LZ/GPX32LZKLSL28D0CPLW,4761/169,2.9,78.0,36.3,185,32.0
1723,https://www.maxongroup.com/maxon/view/product/gear/planetary/GPX/GPX32/GPX32-3-Stufig-LZ/GPX32LZKLSL83D0CPLW,388125/4693,5.0,75.0,43.9,230,32.0
1724,https://www.maxongroup.com/maxon/view/product/gear/planetary/GPX/GPX32/GPX32-3-Stufig-UP/GPX32UPKLSL0103CPLW,371250/3610,10.4,90.0,61.3,293,32.0
1725,https://www.maxongroup.com/maxon/view/product/gear/planetary/GPX/GPX32/GPX32-3-Stufig-UP/GPX32UPKLSL0111CPLW,357075/3211,10.4,90.0,61.3,293,32.0
1726,https://www.maxongroup.com/maxon/view/product/gear/planetary/GPX/GPX32/GPX32-3-Stufig-UP/GPX32UPKLSL0138CPLW,341550/2470,10.4,90.0,61.3,293,32.0
1727,https://www.maxongroup.com/maxon/view/product/gear/planetary/GPX/GPX32/GPX32-3-Stufig-UP/GPX32UPKLSL0172CPLW,326700/1900,10.4,90.0,61.3,293,32.0
1728,https://www.maxongroup.com/maxon/view/product/gear/planetary/GPX/GPX32/GPX32-3-Stufig-UP/GPX32UPKLSL0186CPLW,314226/1690,10.4,90.0,61.3,293,32.0
1729,https://www.maxongroup.com/maxon/view/product/gear/planetary/GPX/GPX32/GPX32-4-Stufig-UP/GPX32UPKLSL0326CPLW,29109375/89167,12.6,87.0,76.2,357,32.0
1730,https://www.maxongroup.com/maxon/view/product/gear/planetary/GPX/GPX32/GPX32-4-Stufig-UP/GPX32UPKLSL0406CPLW,27843750/68590,12.6,87.0,76.2,357,32.0
1731,https://www.maxongroup.com/maxon/view/product/gear/planetary/GPX/GPX32/GPX32-4-Stufig-UP/GPX32UPKLSL0439CPLW,26780625/61009,12.6,87.0,76.2,357,32.0
1732,https://www.maxongroup.com/maxon/view/product/gear/planetary/GPX/GPX32/GPX32-4-Stufig-UP/GPX32UPKLSL0546CPLW,25616250/46930,12.6,87.0,76.2,357,32.0
1733,https://www.maxongroup.com/maxon/view/product/gear/planetary/GPX/GPX32/GPX32-4-Stufig-UP/GPX32UPKLSL0590CPLW,24638175/41743,12.6,87.0,76.2,357,32.0
1734,https://www.maxongroup.com/maxon/view/product/gear/planetary/GPX/GPX32/GPX32-4-Stufig-UP/GPX32UPKLSL0679CPLW,24502500/36100,12.6,87.0,76.2,357,32.0
1735,https://www.maxongroup.com/maxon/view/product/gear/planetary/GPX/GPX32/GPX32-4-Stufig-UP/GPX32UPKLSL0794CPLW,22667121/28561,12.6,87.0,76.2,357,32.0
1736,https://www.maxongroup.com/maxon/view/product/gear/planetary/GPX/GPX32/GPX32-4-Stufig-UP/GPX32UPKLSL0913CPLW,22542300/24700,12.6,87.0,76.2,357,32.0
1737,https://www.maxongroup.com/maxon/view/product/gear/planetary/GPX/GPX32/GPX32-4-Stufig-UP/GPX32UPKLSL0987CPLW,21681594/21970,12.6,87.0,76.2,357,32.0
1738,https://www.maxongroup.com/maxon/view/product/gear/planetary/GPX/GPX32/GPX32-4-Stufig-UP/GPX32UPKLSL1135CPLW,21562200/19000,12.6,87.0,76.2,357,32.0
1739,https://www.maxongroup.com/maxon/view/product/gear/planetary/GPX/GPX32/GPX32-4-Stufig-UP/GPX32UPKLSL1227CPLW,20738916/16900,12.6,87.0,76.2,357,32.0
1740,https://www.maxongroup.com/maxon/view/product/gear/planetary/GPX/GPX32/GPX32-2-Stufig-UP/GPX32UPKLSL21D0CPLW,5175/247,4.8,93.0,46.3,237,32.0
1741,https://www.maxongroup.com/maxon/view/product/gear/planetary/GPX/GPX32/GPX32-2-Stufig-UP/GPX32UPKLSL28D0CPLW,4761/169,4.8,93.0,46.3,237,32.0
1742,https://www.maxongroup.com/maxon/view/product/gear/planetary/GPX/GPX32/GPX32-3-Stufig-UP/GPX32UPKLSL83D0CPLW,388125/4693,10.4,90.0,61.3,293,32.0
1743,https://www.maxongroup.com/maxon/view/product/gear/planetary/GPX/GPX37/GPX37-3-Stufig-A/GPX37AAKLSL0103CPLW,371250/3610,9.3,75.0,52.9,410,37.0
1744,https://www.maxongroup.com/maxon/view/product/gear/planetary/GPX/GPX37/GPX37-3-Stufig-A/GPX37AAKLSL0111CPLW,357075/3211,9.3,75.0,52.9,410,37.0
1745,https://www.maxongroup.com/maxon/view/product/gear/planetary/GPX/GPX37/GPX37-3-Stufig-A/GPX37AAKLSL0138CPLW,341550/2470,9.3,75.0,52.9,410,37.0
1746,https://www.maxongroup.com/maxon/view/product/gear/planetary/GPX/GPX37/GPX37-3-Stufig-A/GPX37AAKLSL0172CPLW,326700/1900,9.3,75.0,52.9,410,37.0
1747,https://www.maxongroup.com/maxon/view/product/gear/planetary/GPX/GPX37/GPX37-3-Stufig-A/GPX37AAKLSL0186CPLW,314226/1690,9.3,75.0,52.9,410,37.0
1748,https://www.maxongroup.com/maxon/view/product/gear/planetary/GPX/GPX37/GPX37-3-Stufig-A/GPX37AAKLSL83D0CPLW,388125/4693,9.3,75.0,52.9,410,37.0
1749,https://www.maxongroup.com/maxon/view/product/gear/planetary/GPX/GPX37/GPX37-3-Stufig-LN/GPX37LNKLSL0103CPLW,371250/3610,7.4,75.0,52.9,410,37.0
1750,https://www.maxongroup.com/maxon/view/product/gear/planetary/GPX/GPX37/GPX37-3-Stufig-LN/GPX37LNKLSL0111CPLW,357075/3211,7.4,75.0,52.9,410,37.0
1751,https://www.maxongroup.com/maxon/view/product/gear/planetary/GPX/GPX37/GPX37-3-Stufig-LN/GPX37LNKLSL0138CPLW,341550/2470,7.4,75.0,52.9,410,37.0
1752,https://www.maxongroup.com/maxon/view/product/gear/planetary/GPX/GPX37/GPX37-3-Stufig-LN/GPX37LNKLSL0172CPLW,328509/2197,7.4,75.0,52.9,410,37.0
1753,https://www.maxongroup.com/maxon/view/product/gear/planetary/GPX/GPX37/GPX37-3-Stufig-LN/GPX37LNKLSL0186CPLW,314226/1690,7.4,75.0,52.9,410,37.0
1754,https://www.maxongroup.com/maxon/view/product/gear/planetary/GPX/GPX37/GPX37-3-Stufig-LN/GPX37LNKLSL83D0CPLW,388125/4693,7.4,75.0,52.9,410,37.0
1755,https://www.maxongroup.com/maxon/view/product/gear/planetary/GPX/GPX37/GPX37-3-Stufig-LZ/GPX37LZKLSL0103CPLW,371250/3610,9.3,75.0,52.9,410,37.0
1756,https://www.maxongroup.com/maxon/view/product/gear/planetary/GPX/GPX37/GPX37-3-Stufig-LZ/GPX37LZKLSL0111CPLW,357075/3211,9.3,75.0,52.9,410,37.0
1757,https://www.maxongroup.com/maxon/view/product/gear/planetary/GPX/GPX37/GPX37-3-Stufig-LZ/GPX37LZKLSL0138CPLW,341550/2470,9.3,75.0,52.9,410,37.0
1758,https://www.maxongroup.com/maxon/view/product/gear/planetary/GPX/GPX37/GPX37-3-Stufig-LZ/GPX37LZKLSL0172CPLW,326700/1900,9.3,75.0,52.9,410,37.0
1759,https://www.maxongroup.com/maxon/view/product/gear/planetary/GPX/GPX37/GPX37-3-Stufig-LZ/GPX37LZKLSL0186CPLW,314226/1690,9.3,75.0,52.9,410,37.0
1760,https://www.maxongroup.com/maxon/view/product/gear/planetary/GPX/GPX37/GPX37-3-Stufig-LZ/GPX37LZKLSL83D0CPLW,388125/4693,9.3,75.0,52.9,410,37.0
1761,https://www.maxongroup.com/maxon/view/product/gear/planetary/GPX/GPX42/GPX42-3-Stufig-C/GPX42CAKLSL0113CPLW,338/3,15.0,72.0,70.0,460,42.0
1762,https://www.maxongroup.com/maxon/view/product/gear/planetary/GPX/GPX42/GPX42-3-Stufig-C/GPX42CAKLSL0126CPLW,126/1,15.0,72.0,70.0,460,42.0
1763,https://www.maxongroup.com/maxon/view/product/gear/planetary/GPX/GPX42/GPX42-4-Stufig-C/GPX42CAKLSL0186CPLW,4459/24,15.0,64.0,84.5,560,42.0
1764,https://www.maxongroup.com/maxon/view/product/gear/planetary/GPX/GPX42/GPX42-4-Stufig-C/GPX42CAKLSL0230CPLW,8281/36,15.0,64.0,84.5,560,42.0
1765,https://www.maxongroup.com/maxon/view/product/gear/planetary/GPX/GPX42/GPX42-4-Stufig-C/GPX42CAKLSL0257CPLW,1029/4,15.0,64.0,84.5,560,42.0
1766,https://www.maxongroup.com/maxon/view/product/gear/planetary/GPX/GPX42/GPX42-4-Stufig-C/GPX42CAKLSL0285CPLW,15379/54,15.0,64.0,84.5,560,42.0
1767,https://www.maxongroup.com/maxon/view/product/gear/planetary/GPX/GPX42/GPX42-4-Stufig-C/GPX42CAKLSL0319CPLW,637/2,15.0,64.0,84.5,560,42.0
1768,https://www.maxongroup.com/maxon/view/product/gear/planetary/GPX/GPX42/GPX42-4-Stufig-C/GPX42CAKLSL0353CPLW,28561/81,15.0,64.0,84.5,560,42.0
1769,https://www.maxongroup.com/maxon/view/product/gear/planetary/GPX/GPX42/GPX42-4-Stufig-C/GPX42CAKLSL0441CPLW,441/1,15.0,64.0,84.5,560,42.0
1770,https://www.maxongroup.com/maxon/view/product/gear/planetary/GPX/GPX42/GPX42-4-Stufig-C/GPX42CAKLSL0488CPLW,4394/9,15.0,64.0,84.5,560,42.0
1771,https://www.maxongroup.com/maxon/view/product/gear/planetary/GPX/GPX42/GPX42-4-Stufig-C/GPX42CAKLSL0546CPLW,546/1,15.0,64.0,84.5,560,42.0
1772,https://www.maxongroup.com/maxon/view/product/gear/planetary/GPX/GPX42/GPX42-4-Stufig-C/GPX42CAKLSL0676CPLW,676/1,15.0,64.0,84.5,560,42.0
1773,https://www.maxongroup.com/maxon/view/product/gear/planetary/GPX/GPX42/GPX42-4-Stufig-C/GPX42CAKLSL0756CPLW,756/1,15.0,64.0,84.5,560,42.0
1774,https://www.maxongroup.com/maxon/view/product/gear/planetary/GPX/GPX42/GPX42-2-Stufig-C/GPX42CAKLSL15D0CPLW,91/6,7.5,81.0,55.5,360,42.0
1775,https://www.maxongroup.com/maxon/view/product/gear/planetary/GPX/GPX42/GPX42-2-Stufig-C/GPX42CAKLSL19D0CPLW,169/9,7.5,81.0,55.5,360,42.0
1776,https://www.maxongroup.com/maxon/view/product/gear/planetary/GPX/GPX42/GPX42-2-Stufig-C/GPX42CAKLSL21D0CPLW,21/1,7.5,81.0,55.5,360,42.0
1777,https://www.maxongroup.com/maxon/view/product/gear/planetary/GPX/GPX42/GPX42-3-Stufig-C/GPX42CAKLSL53D0CPLW,637/12,15.0,72.0,70.0,460,42.0
1778,https://www.maxongroup.com/maxon/view/product/gear/planetary/GPX/GPX42/GPX42-3-Stufig-C/GPX42CAKLSL66D0CPLW,1183/18,15.0,72.0,70.0,460,42.0
1779,https://www.maxongroup.com/maxon/view/product/gear/planetary/GPX/GPX42/GPX42-3-Stufig-C/GPX42CAKLSL74D0CPLW,147/2,15.0,72.0,70.0,460,42.0
1780,https://www.maxongroup.com/maxon/view/product/gear/planetary/GPX/GPX42/GPX42-3-Stufig-UP/GPX42UPKLSL0103CPLW,371250/3610,32.0,90.0,86.0,660,42.0
1781,https://www.maxongroup.com/maxon/view/product/gear/planetary/GPX/GPX42/GPX42-3-Stufig-UP/GPX42UPKLSL0111CPLW,357075/3211,32.0,90.0,86.0,660,42.0
1782,https://www.maxongroup.com/maxon/view/product/gear/planetary/GPX/GPX42/GPX42-3-Stufig-UP/GPX42UPKLSL0172CPLW,326700/1900,32.0,90.0,86.0,660,42.0
1783,https://www.maxongroup.com/maxon/view/product/gear/planetary/GPX/GPX42/GPX42-3-Stufig-UP/GPX42UPKLSL0186CPLW,314226/1690,32.0,90.0,86.0,660,42.0
1784,https://www.maxongroup.com/maxon/view/product/gear/planetary/GPX/GPX42/GPX42-4-Stufig-UP/GPX42UPKLSL0326CPLW,29109375/89167,35.0,87.0,104.5,790,42.0
1785,https://www.maxongroup.com/maxon/view/product/gear/planetary/GPX/GPX42/GPX42-4-Stufig-UP/GPX42UPKLSL0406CPLW,27843750/68590,35.0,87.0,104.5,790,42.0
1786,https://www.maxongroup.com/maxon/view/product/gear/planetary/GPX/GPX42/GPX42-4-Stufig-UP/GPX42UPKLSL0439CPLW,26780625/61009,35.0,87.0,104.5,790,42.0
1787,https://www.maxongroup.com/maxon/view/product/gear/planetary/GPX/GPX42/GPX42-4-Stufig-UP/GPX42UPKLSL0546CPLW,25616250/46930,35.0,87.0,104.5,790,42.0
1788,https://www.maxongroup.com/maxon/view/product/gear/planetary/GPX/GPX42/GPX42-4-Stufig-UP/GPX42UPKLSL0590CPLW,24638175/41743,35.0,87.0,104.5,790,42.0
1789,https://www.maxongroup.com/maxon/view/product/gear/planetary/GPX/GPX42/GPX42-4-Stufig-UP/GPX42UPKLSL0679CPLW,24502500/36100,35.0,87.0,104.5,790,42.0
1790,https://www.maxongroup.com/maxon/view/product/gear/planetary/GPX/GPX42/GPX42-4-Stufig-UP/GPX42UPKLSL0794CPLW,22667121/28561,35.0,87.0,104.5,790,42.0
1791,https://www.maxongroup.com/maxon/view/product/gear/planetary/GPX/GPX42/GPX42-4-Stufig-UP/GPX42UPKLSL0913CPLW,22542300/24700,35.0,87.0,104.5,790,42.0
1792,https://www.maxongroup.com/maxon/view/product/gear/planetary/GPX/GPX42/GPX42-4-Stufig-UP/GPX42UPKLSL0987CPLW,21681594/21970,35.0,87.0,104.5,790,42.0
1793,https://www.maxongroup.com/maxon/view/product/gear/planetary/GPX/GPX42/GPX42-4-Stufig-UP/GPX42UPKLSL1135CPLW,21562200/19000,35.0,87.0,104.5,790,42.0
1794,https://www.maxongroup.com/maxon/view/product/gear/planetary/GPX/GPX42/GPX42-4-Stufig-UP/GPX42UPKLSL1227CPLW,20738916/16900,35.0,87.0,104.5,790,42.0
1795,https://www.maxongroup.com/maxon/view/product/gear/planetary/GPX/GPX42/GPX42-2-Stufig-UP/GPX42UPKLSL21D0CPLW,5175/247,18.0,93.0,67.0,540,42.0
1796,https://www.maxongroup.com/maxon/view/product/gear/planetary/GPX/GPX42/GPX42-2-Stufig-UP/GPX42UPKLSL28D0CPLW,4554/169,18.0,93.0,67.0,540,42.0
1797,https://www.maxongroup.com/maxon/view/product/gear/planetary/GPX/GPX42/GPX42-3-Stufig-UP/GPX42UPKLSL83D0CPLW,388125/4693,32.0,90.0,86.0,660,42.0
1798,https://www.maxongroup.com/maxon/view/product/gear/planetary/GPX/GPX52/GPX52-3-Stufig-A/GPX52AAKLSL0111SQSC,2856600/25688,30.0,89.0,78.0,915,52.0
1799,https://www.maxongroup.com/maxon/view/product/gear/planetary/GPX/GPX52/GPX52-3-Stufig-A/GPX52AAKLSL0138SQSC,2732400/19760,30.0,89.0,78.0,915,52.0
1800,https://www.maxongroup.com/maxon/view/product/gear/planetary/GPX/GPX52/GPX52-1-Stufig-A/GPX52AAKLSL05D3SQSC,138/26,5.0,95.0,43.4,545,52.0
1801,https://www.maxongroup.com/maxon/view/product/gear/planetary/GPX/GPX52/GPX52-2-Stufig-A/GPX52AAKLSL21D0SQSC,20700/988,15.0,92.0,60.5,698,52.0
1802,https://www.maxongroup.com/maxon/view/product/gear/planetary/GPX/GPX52/GPX52-2-Stufig-A/GPX52AAKLSL28D0SQSC,19044/676,15.0,92.0,60.5,706,52.0
1803,https://www.maxongroup.com/maxon/view/product/gear/planetary/GPX/GPX52/GPX52-2-Stufig-A/GPX52AAKLSL35D0SQSC,18216/520,15.0,92.0,60.5,713,52.0
1804,https://www.maxongroup.com/maxon/view/product/gear/planetary/GPX/GPX52/GPX52-3-Stufig-A/GPX52AAKLSL83D0SQSC,3105000/37544,30.0,89.0,78.0,911,52.0
1805,https://www.maxongroup.com/maxon/view/product/gear/planetary/GPX/GPX52/GPX52-3-Stufig-LN/GPX52LNPSKLSL0111SQSC,2856600/25688,24.0,89.0,78.0,906,52.0
1806,https://www.maxongroup.com/maxon/view/product/gear/planetary/GPX/GPX52/GPX52-3-Stufig-LN/GPX52LNPSKLSL0138SQSC,2732400/19760,24.0,89.0,78.0,907,52.0
1807,https://www.maxongroup.com/maxon/view/product/gear/planetary/GPX/GPX52/GPX52-3-Stufig-LN/GPX52LNPSKLSL0150SQSC,2628072/17576,24.0,89.0,78.0,897,52.0
1808,https://www.maxongroup.com/maxon/view/product/gear/planetary/GPX/GPX52/GPX52-1-Stufig-LN/GPX52LNPSKLSL05D3SQSC,138/26,4.0,95.0,44.0,510,52.0
1809,https://www.maxongroup.com/maxon/view/product/gear/planetary/GPX/GPX52/GPX52-2-Stufig-LN/GPX52LNPSKLSL21D0SQSC,20700/988,12.0,92.0,61.0,670,52.0
1810,https://www.maxongroup.com/maxon/view/product/gear/planetary/GPX/GPX52/GPX52-2-Stufig-LN/GPX52LNPSKLSL28D0SQSC,19044/676,12.0,92.0,61.0,681,52.0
1811,https://www.maxongroup.com/maxon/view/product/gear/planetary/GPX/GPX52/GPX52-2-Stufig-LN/GPX52LNPSKLSL35D0SQSC,18216/520,12.0,92.0,61.0,681,52.0
1812,https://www.maxongroup.com/maxon/view/product/gear/planetary/GPX/GPX52/GPX52-3-Stufig-LN/GPX52LNPSKLSL83D0SQSC,3105000/37544,24.0,89.0,78.0,902,52.0
1813,https://www.maxongroup.com/maxon/view/product/gear/planetary/GPX/GPX52/GPX52-3-Stufig-UP/GPX52UPKLSL0111SQSC,2856600/25688,45.0,89.0,78.0,915,52.0
1814,https://www.maxongroup.com/maxon/view/product/gear/planetary/GPX/GPX52/GPX52-3-Stufig-UP/GPX52UPKLSL0138SQSC,2732400/19760,45.0,89.0,78.0,915,52.0
1815,https://www.maxongroup.com/maxon/view/product/gear/planetary/GPX/GPX52/GPX52-1-Stufig-UP/GPX52UPKLSL05D3SQSC,138/26,7.5,95.0,43.5,552,52.0
1816,https://www.maxongroup.com/maxon/view/product/gear/planetary/GPX/GPX52/GPX52-2-Stufig-UP/GPX52UPKLSL21D0SQSC,20700/988,22.5,92.0,60.5,698,52.0
1817,https://www.maxongroup.com/maxon/view/product/gear/planetary/GPX/GPX52/GPX52-2-Stufig-UP/GPX52UPKLSL28D0SQSC,19044/676,22.5,92.0,60.5,716,52.0
1818,https://www.maxongroup.com/maxon/view/product/gear/planetary/GPX/GPX52/GPX52-2-Stufig-UP/GPX52UPKLSL35D0SQSC,18216/520,22.5,92.0,60.5,719,52.0
1819,https://www.maxongroup.com/maxon/view/product/gear/planetary/GPX/GPX52/GPX52-3-Stufig-UP/GPX52UPKLSL83D0SQSC,3105000/37544,45.0,89.0,78.0,919,52.0
1820,https://www.maxongroup.com/maxon/view/product/gear/planetary/GPX/GPX70/GPX70-1-Stufig-A/GPX70AAKLSL05D3SQSC,138/26,10.0,96.0,58.0,984,70.0
1821,https://www.maxongroup.com/maxon/view/product/gear/planetary/GPX/GPX70/GPX70-2-Stufig-A/GPX70AAKLSL21D0SQSC,20700/988,30.0,92.0,80.0,1380,70.0
1822,https://www.maxongroup.com/maxon/view/product/gear/planetary/GPX/GPX70/GPX70-2-Stufig-A/GPX70AAKLSL28D0SQSC,19044/676,30.0,92.0,80.0,1353,70.0
1823,https://www.maxongroup.com/maxon/view/product/gear/planetary/GPX/GPX70/GPX70-2-Stufig-A/GPX70AAKLSL35D0SQSC,18216/520,30.0,92.0,80.0,1372,70.0
1824,https://www.maxongroup.com/maxon/view/product/gear/planetary/GPX/GPX70/GPX70-1-Stufig-LN/GPX70LNPSKLSL05D3SQSC,138/26,8.0,96.0,58.0,898,70.0
1825,https://www.maxongroup.com/maxon/view/product/gear/planetary/GPX/GPX70/GPX70-2-Stufig-LN/GPX70LNPSKLSL21D0SQSC,20700/988,27.0,92.0,80.0,1312,70.0
1826,https://www.maxongroup.com/maxon/view/product/gear/planetary/GPX/GPX70/GPX70-2-Stufig-LN/GPX70LNPSKLSL28D0SQSC,19044/676,27.0,92.0,80.0,1268,70.0
1827,https://www.maxongroup.com/maxon/view/product/gear/planetary/GPX/GPX70/GPX70-2-Stufig-LN/GPX70LNPSKLSL35D0SQSC,18216/520,27.0,92.0,80.0,1287,70.0
1828,https://www.maxongroup.com/maxon/view/product/gear/planetary/GPX/GPX70/GPX70-1-Stufig-UP/GPX70UPKLSL05D3SQSC,132/26,15.0,96.0,58.0,955,70.0
1829,https://www.maxongroup.com/maxon/view/product/gear/planetary/GPX/GPX70/GPX70-2-Stufig-UP/GPX70UPKLSL21D0SQSC,20700/988,70.0,92.0,80.0,1406,70.0
1830,https://www.maxongroup.com/maxon/view/product/gear/planetary/GPX/GPX70/GPX70-2-Stufig-UP/GPX70UPKLSL28D0SQSC,19044/676,70.0,92.0,80.0,1380,70.0
1831,https://www.maxongroup.com/maxon/view/product/gear/planetary/GPX/GPX70/GPX70-2-Stufig-UP/GPX70UPKLSL35D0SQSC,18216/520,70.0,92.0,80.0,1399,70.0
